#,Date,Name,Year,Rating,TMDB ID,Language,Runtime,Genre,Country,Director,Top 8 Actors
0,1/16/21,La Haine,1995,5,406,French,98,Drama,France,Mathieu Kassovitz,"['Vincent Cassel', 'Hubert Koundé', 'Saïd Taghmaoui', 'Abdel Ahmed Ghili', 'Solo', 'Joseph Momo', 'Héloïse Rauth', 'Rywka Wajsbrot']"
1,1/7/22,Oldboy,2003,3,670,Korea,120,Drama,South Korea,Park Chan-wook,"['Choi Min-sik', 'Yoo Ji-tae', 'Kang Hye-jung', 'Kim Byeong-ok', 'Ji Dae-han', 'Oh Dal-su', 'Lee Seung-shin', 'Yoon Jin-seo']"
2,1/7/22,No Country for Old Men,2007,5,6977,English,122,Crime,United States of America,Joel Coen,"['Tommy Lee Jones', 'Javier Bardem', 'Josh Brolin', 'Woody Harrelson', 'Kelly Macdonald', 'Garret Dillahunt', 'Tess Harper', 'Barry Corbin']"
3,1/7/22,Taxi Driver,1976,,103,English,114,Crime,United States of America,Martin Scorsese,"['Robert De Niro', 'Jodie Foster', 'Cybill Shepherd', 'Harvey Keitel', 'Peter Boyle', 'Leonard Harris', 'Albert Brooks', 'Diahnne Abbott']"
4,1/10/22,Lady Bird,2017,4,391713,English,94,Drama,United States of America,Greta Gerwig,"['Saoirse Ronan', 'Laurie Metcalf', 'Tracy Letts', 'Beanie Feldstein', 'Lucas Hedges', 'Timothée Chalamet', 'Stephen McKinley Henderson', 'Jordan Rodrigues']"
5,1/13/22,Birdman or (The Unexpected Virtue of Ignorance),2014,3,194662,English,120,Drama,United States of America,Alejandro González Iñárritu,"['Michael Keaton', 'Emma Stone', 'Zach Galifianakis', 'Edward Norton', 'Andrea Riseborough', 'Amy Ryan', 'Naomi Watts', 'Lindsay Duncan']"
6,1/14/22,City of God,2002,4,598,Portuguese,130,Drama,Brazil,Fernando Meirelles,"['Alexandre Rodrigues', 'Leandro Firmino', 'Phellipe Haagensen', 'Douglas Silva', 'Jonathan Haagensen', 'Matheus Nachtergaele', 'Seu Jorge', 'Jefechander Suplino']"
7,1/15/22,Donnie Darko,2001,2,141,English,114,Fantasy,United States of America,Richard Kelly,"['Jake Gyllenhaal', 'Jena Malone', 'James Duval', 'Drew Barrymore', 'Beth Grant', 'Maggie Gyllenhaal', 'Mary McDonnell', 'Holmes Osborne']"
8,1/16/22,Lost in Translation,2003,5,153,English,102,Drama,Japan,Sofia Coppola,"['Bill Murray', 'Scarlett Johansson', 'Giovanni Ribisi', 'Anna Faris', 'Akiko Takeshita', 'Kazuyoshi Minamimagoe', 'Kazuko Shibata', 'Take']"
9,1/17/22,Whiplash,2014,4,244786,English,107,Drama,United States of America,Damien Chazelle,"['Miles Teller', 'J.K. Simmons', 'Paul Reiser', 'Melissa Benoist', 'Austin Stowell', 'Chris Mulkey', 'Nate Lang', 'Charlie Ian']"
10,1/18/22,Inception,2010,2,27205,English,148,Action,United Kingdom,Christopher Nolan,"['Leonardo DiCaprio', 'Joseph Gordon-Levitt', 'Ken Watanabe', 'Tom Hardy', 'Elliot Page', 'Dileep Rao', 'Cillian Murphy', 'Tom Berenger']"
11,1/19/22,Eternal Sunshine of the Spotless Mind,2004,5,38,English,108,Science Fiction,United States of America,Michel Gondry,"['Jim Carrey', 'Kate Winslet', 'Kirsten Dunst', 'Mark Ruffalo', 'Elijah Wood', 'Tom Wilkinson', 'Jane Adams', 'David Cross']"
12,1/22/22,American Psycho,2000,,1359,English,102,Thriller,Canada,Mary Harron,"['Christian Bale', 'Willem Dafoe', 'Jared Leto', 'Josh Lucas', 'Samantha Mathis', 'Matt Ross', 'Bill Sage', 'Chloë Sevigny']"
13,1/25/22,The Craft,1996,2,9100,English,101,Horror,United States of America,Andrew Fleming,"['Robin Tunney', 'Fairuza Balk', 'Neve Campbell', 'Rachel True', 'Skeet Ulrich', 'Christine Taylor', 'Breckin Meyer', 'Nathaniel Marston']"
14,1/25/22,Disturbing Behavior,1998,2,9424,English,84,Mystery,Australia,David Nutter,"['James Marsden', 'Katie Holmes', 'Nick Stahl', 'Bruce Greenwood', 'William Sadler', 'Chad Donella', 'Katharine Isabelle', 'Tobias Mehler']"
15,1/25/22,The Social Network,2010,4,37799,English,121,Drama,United States of America,David Fincher,"['Jesse Eisenberg', 'Andrew Garfield', 'Justin Timberlake', 'Armie Hammer', 'Max Minghella', 'Josh Pence', 'Brenda Song', 'Rashida Jones']"
16,1/26/22,The Faculty,1998,2,9276,English,104,Horror,United States of America,Robert Rodriguez,"['Josh Hartnett', 'Elijah Wood', 'Clea DuVall', 'Jordana Brewster', 'Shawn Hatosy', 'Laura Harris', 'Usher', 'Salma Hayek Pinault']"
17,1/27/22,Shutter Island,2010,3,11324,English,138,Drama,United States of America,Martin Scorsese,"['Leonardo DiCaprio', 'Mark Ruffalo', 'Ben Kingsley', 'Michelle Williams', 'Emily Mortimer', 'Patricia Clarkson', 'Max von Sydow', 'Jackie Earle Haley']"
18,1/28/22,Fight Club,1999,,550,English,139,Drama,United States of America,David Fincher,"['Edward Norton', 'Brad Pitt', 'Helena Bonham Carter', 'Meat Loaf', 'Jared Leto', 'Zach Grenier', 'Holt McCallany', 'Eion Bailey']"
19,1/28/22,Pulp Fiction,1994,,680,English,154,Thriller,United States of America,Quentin Tarantino,"['John Travolta', 'Samuel L. Jackson', 'Uma Thurman', 'Bruce Willis', 'Ving Rhames', 'Harvey Keitel', 'Eric Stoltz', 'Tim Roth']"
20,1/28/22,Get Out,2017,,419430,English,104,Mystery,United States of America,Jordan Peele,"['Daniel Kaluuya', 'Allison Williams', 'Bradley Whitford', 'Caleb Landry Jones', 'Stephen Root', 'Catherine Keener', 'Marcus Henderson', 'Betty Gabriel']"
21,1/28/22,The Wolf of Wall Street,2013,,106646,English,180,Crime,United States of America,Martin Scorsese,"['Leonardo DiCaprio', 'Jonah Hill', 'Margot Robbie', 'Kyle Chandler', 'Rob Reiner', 'Matthew McConaughey', 'Jon Favreau', 'Jean Dujardin']"
22,1/28/22,Black Swan,2010,,44214,English,108,Drama,United States of America,Darren Aronofsky,"['Natalie Portman', 'Mila Kunis', 'Vincent Cassel', 'Barbara Hershey', 'Winona Ryder', 'Benjamin Millepied', 'Ksenia Solo', 'Kristina Anapau']"
23,1/29/22,Ghost World,2001,,1548,English,111,Comedy,Germany,Terry Zwigoff,"['Thora Birch', 'Steve Buscemi', 'Scarlett Johansson', 'Brad Renfro', 'Illeana Douglas', 'Bob Balaban', 'Stacey Travis', 'Charles C. Stevenson Jr.']"
24,1/29/22,The Silence of the Lambs,1991,4,274,English,119,Crime,United States of America,Jonathan Demme,"['Jodie Foster', 'Anthony Hopkins', 'Scott Glenn', 'Ted Levine', 'Anthony Heald', 'Brooke Smith', 'Diane Baker', 'Kasi Lemmons']"
25,1/30/22,Nightcrawler,2014,3,242582,English,118,Crime,United States of America,Dan Gilroy,"['Jake Gyllenhaal', 'Rene Russo', 'Riz Ahmed', 'Bill Paxton', 'Kevin Rahm', 'Michael Hyatt', 'Price Carson', 'Kent Shocknek']"
26,1/30/22,Carrie,2013,3,7340,English,98,Horror,United States of America,Brian De Palma,"['Sissy Spacek', 'Piper Laurie', 'Amy Irving', 'William Katt', 'John Travolta', 'Nancy Allen', 'Betty Buckley', 'P.J. Soles']"
27,2/1/22,Fargo,1996,4,275,English,98,Crime,United Kingdom,Joel Coen,"['Frances McDormand', 'William H. Macy', 'Peter Stormare', 'Steve Buscemi', 'John Carroll Lynch', 'Harve Presnell', 'Kristin Rudrüd', 'Bruce Bohne']"
28,2/3/22,The Grand Budapest Hotel,2014,4,120467,English,100,Comedy,Germany,Wes Anderson,"['Ralph Fiennes', 'F. Murray Abraham', 'Tony Revolori', 'Mathieu Amalric', 'Adrien Brody', 'Willem Dafoe', 'Jeff Goldblum', 'Edward Norton']"
29,2/3/22,Perfect Blue,1997,3,10494,Japanese,81,Animation,Japan,Satoshi Kon,"['Junko Iwao', 'Rica Matsumoto', 'Shiho Niiyama', 'Masaaki Okura', 'Shinpachi Tsuji', 'Emiko Furukawa', 'Yosuke Akimoto', 'Yoku Shioya']"
30,2/3/22,Kill Bill: Vol. 1,2003,,24,English,111,Action,United States of America,Quentin Tarantino,"['Uma Thurman', 'Lucy Liu', 'Vivica A. Fox', 'Daryl Hannah', 'David Carradine', 'Michael Madsen', 'Julie Dreyfus', 'Chiaki Kuriyama']"
31,2/3/22,Kill Bill: Vol. 2,2004,,393,English,136,Action,United States of America,Quentin Tarantino,"['Uma Thurman', 'David Carradine', 'Daryl Hannah', 'Michael Madsen', 'Gordon Liu Chia-hui', 'Michael Parks', 'Perla Haney-Jardine', 'Larry Bishop']"
32,2/3/22,Knives Out,2019,3,546554,English,131,Comedy,United States of America,Rian Johnson,"['Daniel Craig', 'Chris Evans', 'Ana de Armas', 'Jamie Lee Curtis', 'Michael Shannon', 'Don Johnson', 'Toni Collette', 'LaKeith Stanfield']"
33,2/4/22,Slumdog Millionaire,2008,,12405,English,120,Drama,United Kingdom,Danny Boyle,"['Dev Patel', 'Saurabh Shukla', 'Anil Kapoor', 'Raj Zutshi', 'Jeneva Talwar', 'Freida Pinto', 'Irrfan Khan', 'Azharuddin Mohammed Ismail']"
34,2/4/22,Parasite,2019,4,496243,Korea,133,Comedy,South Korea,Bong Joon-ho,"['Song Kang-ho', 'Lee Sun-kyun', 'Cho Yeo-jeong', 'Choi Woo-shik', 'Park So-dam', 'Lee Jung-eun', 'Jang Hye-jin', 'Park Myung-hoon']"
35,2/4/22,American Beauty,1999,5,14,English,122,Drama,United States of America,Sam Mendes,"['Kevin Spacey', 'Annette Bening', 'Thora Birch', 'Wes Bentley', 'Mena Suvari', 'Chris Cooper', 'Allison Janney', 'Peter Gallagher']"
36,2/5/22,Her,2013,1,152601,English,126,Romance,United States of America,Spike Jonze,"['Joaquin Phoenix', 'Scarlett Johansson', 'Amy Adams', 'Rooney Mara', 'Chris Pratt', 'Olivia Wilde', 'Matt Letscher', 'Portia Doubleday']"
37,2/5/22,The Matrix,1999,,603,English,136,Action,United States of America,Lilly Wachowski,"['Keanu Reeves', 'Laurence Fishburne', 'Carrie-Anne Moss', 'Hugo Weaving', 'Joe Pantoliano', 'Marcus Chong', 'Anthony Ray Parker', 'Matt Doran']"
38,2/5/22,Se7en,1995,,807,English,127,Crime,United States of America,David Fincher,"['Morgan Freeman', 'Brad Pitt', 'Gwyneth Paltrow', 'R. Lee Ermey', 'John C. McGinley', 'Julie Araskog', 'Mark Boone Junior', 'John Cassini']"
39,2/5/22,Back to the Future,1985,,105,English,116,Adventure,United States of America,Robert Zemeckis,"['Michael J. Fox', 'Christopher Lloyd', 'Lea Thompson', 'Crispin Glover', 'Thomas F. Wilson', 'Claudia Wells', 'Marc McClure', 'Wendie Jo Sperber']"
40,2/5/22,The Dark Knight,2008,,155,English,152,Drama,United Kingdom,Christopher Nolan,"['Christian Bale', 'Heath Ledger', 'Michael Caine', 'Gary Oldman', 'Aaron Eckhart', 'Maggie Gyllenhaal', 'Morgan Freeman', 'Nestor Carbonell']"
41,2/5/22,Batman Begins,2005,,272,English,140,Action,United Kingdom,Christopher Nolan,"['Christian Bale', 'Liam Neeson', 'Katie Holmes', 'Michael Caine', 'Gary Oldman', 'Cillian Murphy', 'Morgan Freeman', 'Tom Wilkinson']"
42,2/5/22,Inglourious Basterds,2009,,16869,English,153,Drama,France,Quentin Tarantino,"['Brad Pitt', 'Mélanie Laurent', 'Christoph Waltz', 'Eli Roth', 'Michael Fassbender', 'Diane Kruger', 'Daniel Brühl', 'Til Schweiger']"
43,2/5/22,Good Will Hunting,1997,,489,English,127,Drama,United States of America,Gus Van Sant,"['Matt Damon', 'Robin Williams', 'Ben Affleck', 'Stellan Skarsgård', 'Minnie Driver', 'Casey Affleck', 'Cole Hauser', 'Vik Sahay']"
44,2/5/22,The Truman Show,1998,,37165,English,103,Comedy,United States of America,Peter Weir,"['Jim Carrey', 'Laura Linney', 'Noah Emmerich', 'Natascha McElhone', 'Holland Taylor', 'Ed Harris', 'Paul Giamatti', 'Brian Delate']"
45,2/5/22,Back to the Future Part II,1989,,165,English,108,Adventure,United States of America,Robert Zemeckis,"['Michael J. Fox', 'Christopher Lloyd', 'Lea Thompson', 'Thomas F. Wilson', 'Elisabeth Shue', 'James Tolkan', 'Jeffrey Weissman', 'Casey Siemaszko']"
46,2/8/22,12 Angry Men,1957,5,389,English,97,Drama,United States of America,Sidney Lumet,"['Martin Balsam', 'John Fiedler', 'Lee J. Cobb', 'E.G. Marshall', 'Jack Klugman', 'Edward Binns', 'Jack Warden', 'Henry Fonda']"
47,2/8/22,Léon: The Professional,1994,1,101,English,111,Crime,United States of America,Luc Besson,"['Jean Reno', 'Natalie Portman', 'Gary Oldman', 'Danny Aiello', 'Peter Appel', 'Michael Badalucco', 'Ellen Greene', 'Elizabeth Regen']"
48,2/10/22,Uncut Gems,2019,4,473033,English,136,Drama,United States of America,Josh Safdie,"['Adam Sandler', 'LaKeith Stanfield', 'Julia Fox', 'Kevin Garnett', 'Idina Menzel', 'Eric Bogosian', 'Judd Hirsch', 'Keith William Richards']"
49,2/16/22,Before Sunrise,1995,4,76,English,101,Drama,Austria,Richard Linklater,"['Ethan Hawke', 'Julie Delpy', 'Andrea Eckert', 'Haymon Maria Buttinger', 'Erni Mangold', 'Tex Rubinowitz', 'Dominik Castell', 'Harold Waiglein']"
50,2/16/22,Before Sunset,2004,5,80,English,80,Drama,France,Richard Linklater,"['Ethan Hawke', 'Julie Delpy', 'Vernon Dobtcheff', 'Louise Lemoine Torrès', 'Rodolphe Pauly', 'Mariane Plasteig', 'Diabolo', 'Denis Evrard']"
51,2/17/22,Before Midnight,2013,3,132344,English,109,Romance,Greece,Richard Linklater,"['Ethan Hawke', 'Julie Delpy', 'Seamus Davey-Fitzpatrick', 'Jennifer Prior', 'Charlotte Prior', 'Xenia Kalogeropoulou', 'Walter Lassally', 'Ariane Labed']"
52,2/18/22,The Royal Tenenbaums,2001,4,9428,English,110,Comedy,United States of America,Wes Anderson,"['Gene Hackman', 'Anjelica Huston', 'Ben Stiller', 'Gwyneth Paltrow', 'Luke Wilson', 'Owen Wilson', 'Bill Murray', 'Danny Glover']"
53,2/22/22,Reservoir Dogs,1992,3,500,English,99,Crime,United States of America,Quentin Tarantino,"['Harvey Keitel', 'Tim Roth', 'Michael Madsen', 'Chris Penn', 'Steve Buscemi', 'Lawrence Tierney', 'Randy Brooks', 'Kirk Baltz']"
54,2/25/22,Stalker,1979,,1398,Russian,162,Science Fiction,Soviet Union,Andrei Tarkovsky,"['Aleksandr Kaydanovskiy', 'Anatoliy Solonitsyn', 'Nikolay Grinko', 'Alisa Freyndlikh', 'Natasha Abramova', 'Faime Jurno', 'Evgeniy Kostin', 'Raymo Rendi']"
55,2/27/22,"Synecdoche, New York",2008,,4960,English,124,Drama,United States of America,Charlie Kaufman,"['Philip Seymour Hoffman', 'Samantha Morton', 'Jennifer Jason Leigh', 'Michelle Williams', 'Catherine Keener', 'Emily Watson', 'Tom Noonan', 'Sadie Goldstein']"
56,3/1/22,Chungking Express,1994,3,11104,Chinese,103,Drama,Hong Kong,Wong Kar-wai,"['Takeshi Kaneshiro', 'Brigitte Lin', 'Tony Leung Chiu-wai', 'Faye Wong', 'Valerie Chow', 'Piggy Chan Kam-Chuen', 'Kwan Lee-na', 'Wong Chi-Ming']"
57,3/4/22,Polytechnique,2009,1,22302,French,77,Crime,Canada,Denis Villeneuve,"['Maxim Gaudette', 'Sébastien Huberdeau', 'Karine Vanasse', 'Evelyne Brochu', 'Martin Watier', 'Johanne-Marie Tremblay', 'Natalie Hamel-Roy', 'Pierre-Yves Cardinal']"
58,3/4/22,The Piano Teacher,2001,4,1791,French,131,Drama,Austria,Michael Haneke,"['Isabelle Huppert', 'Annie Girardot', 'Benoît Magimel', 'Susanne Lothar', 'Udo Samel', 'Anna Sigalevitch', 'Cornelia Köndgen', 'Thomas Weinhappel']"
59,3/4/22,Zodiac,2007,4,1949,English,157,Crime,United States of America,David Fincher,"['Jake Gyllenhaal', 'Mark Ruffalo', 'Anthony Edwards', 'Robert Downey Jr.', 'Brian Cox', 'John Carroll Lynch', 'Richmond Arquette', 'Bob Stephenson']"
60,3/5/22,The Game,1997,3,2649,English,129,Drama,United States of America,David Fincher,"['Michael Douglas', 'Sean Penn', 'Deborah Kara Unger', 'James Rebhorn', 'Peter Donat', 'Carroll Baker', 'Anna Katarina', 'Armin Mueller-Stahl']"
61,3/7/22,Drive,2011,2,64690,English,100,Drama,United States of America,Nicolas Winding Refn,"['Ryan Gosling', 'Carey Mulligan', 'Bryan Cranston', 'Albert Brooks', 'Oscar Isaac', 'Christina Hendricks', 'Ron Perlman', 'Kaden Leos']"
62,3/7/22,Three Colours: Blue,1993,3,108,French,98,Drama,France,Krzysztof Kieślowski,"['Juliette Binoche', 'Benoît Régent', 'Florence Pernel', 'Charlotte Véry', 'Hélène Vincent', 'Philippe Volter', 'Claude Duneton', 'Hugues Quester']"
63,3/9/22,Moonrise Kingdom,2012,2,83666,English,94,Comedy,United States of America,Wes Anderson,"['Jared Gilman', 'Kara Hayward', 'Bruce Willis', 'Edward Norton', 'Bill Murray', 'Frances McDormand', 'Tilda Swinton', 'Jason Schwartzman']"
64,3/9/22,The Shining,1980,,694,English,144,Horror,United Kingdom,Stanley Kubrick,"['Jack Nicholson', 'Shelley Duvall', 'Scatman Crothers', 'Danny Lloyd', 'Philip Stone', 'Joe Turkel', 'Barry Nelson', 'Barry Dennen']"
65,3/10/22,Rushmore,1998,2,11545,English,93,Comedy,United States of America,Wes Anderson,"['Jason Schwartzman', 'Bill Murray', 'Olivia Williams', 'Seymour Cassel', 'Brian Cox', 'Mason Gamble', 'Sara Tanaka', 'Stephen McCole']"
66,3/11/22,Baby Driver,2017,3,339403,English,113,Action,United Kingdom,Edgar Wright,"['Ansel Elgort', 'Kevin Spacey', 'Lily James', 'Jon Hamm', 'Jamie Foxx', 'Eiza González', 'Jon Bernthal', 'Flea']"
67,3/12/22,Barking Dogs Never Bite,2000,3,21531,Korea,110,Comedy,South Korea,Bong Joon-ho,"['Lee Sung-jae', 'Bae Doona', 'Byun Hee-bong', 'Kim Ho-jung', 'Koh Soo-hee', 'Kim Roi-ha', 'Kim Jin-goo', 'Im Sang-soo']"
68,3/13/22,The Darjeeling Limited,2007,3,4538,English,92,Adventure,United States of America,Wes Anderson,"['Owen Wilson', 'Adrien Brody', 'Jason Schwartzman', 'Amara Karan', 'Wallace Wolodarsky', 'Waris Ahluwalia', 'Irrfan Khan', 'Barbet Schroeder']"
69,3/14/22,The Big Lebowski,1998,4,115,English,117,Comedy,United Kingdom,Joel Coen,"['Jeff Bridges', 'John Goodman', 'Steve Buscemi', 'Julianne Moore', 'David Huddleston', 'Philip Seymour Hoffman', 'John Turturro', 'Sam Elliott']"
70,3/16/22,Memories of Murder,2003,3,11423,Korea,131,Crime,South Korea,Bong Joon-ho,"['Song Kang-ho', 'Kim Sang-kyung', 'Kim Roi-ha', 'Song Jae-ho', 'Byun Hee-bong', 'Go Seo-hee', 'Ryu Tae-ho', 'Park No-shik']"
71,3/17/22,Amour,2012,4,86837,French,127,Drama,France,Michael Haneke,"['Jean-Louis Trintignant', 'Emmanuelle Riva', 'Isabelle Huppert', 'Alexandre Tharaud', 'William Shimell', 'Ramon Agirre', 'Rita Blanco', 'Carole Franck']"
72,3/18/22,There Will Be Blood,2007,4,7345,English,158,Drama,United States of America,Paul Thomas Anderson,"['Daniel Day-Lewis', 'Paul Dano', ""Kevin J. O'Connor"", 'Ciarán Hinds', 'Dillon Freasier', 'Hope Elizabeth Reeves', 'Colleen Foy', 'Barry Del Sherman']"
73,3/19/22,Mulholland Drive,2001,5,1018,English,147,Thriller,France,David Lynch,"['Naomi Watts', 'Laura Harring', 'Justin Theroux', 'Ann Miller', 'Mark Pellegrino', 'Robert Forster', 'Brent Briscoe', 'Dan Hedaya']"
74,3/22/22,Magnolia,1999,5,334,English,189,Drama,United States of America,Paul Thomas Anderson,"['Philip Baker Hall', 'Jeremy Blackman', 'Tom Cruise', 'Philip Seymour Hoffman', 'William H. Macy', 'Julianne Moore', 'John C. Reilly', 'Jason Robards']"
75,3/22/22,Eraserhead,1977,1,985,English,89,Horror,United States of America,David Lynch,"['Jack Nance', 'Charlotte Stewart', 'Allen Joseph', 'Jeanne Bates', 'Judith Roberts', 'Laurel Near', 'Jack Fisk', 'Jean Lange']"
76,3/23/22,Raging Bull,1980,4,1578,English,129,Drama,United States of America,Martin Scorsese,"['Robert De Niro', 'Joe Pesci', 'Cathy Moriarty', 'Frank Vincent', 'Nicholas Colasanto', 'Mario Gallo', 'Bernie Allen', 'Joseph Bono']"
77,3/25/22,Vertigo,1958,3,426,English,128,Mystery,United States of America,Alfred Hitchcock,"['James Stewart', 'Kim Novak', 'Barbara Bel Geddes', 'Tom Helmore', 'Henry Jones', 'Raymond Bailey', 'Ellen Corby', 'Konstantin Shayne']"
78,3/25/22,The Master,2012,2,68722,English,137,Drama,United States of America,Paul Thomas Anderson,"['Joaquin Phoenix', 'Philip Seymour Hoffman', 'Amy Adams', 'Rami Malek', 'Laura Dern', 'Jesse Plemons', 'Ambyr Childers', 'Madisen Beaty']"
79,3/30/22,The Life Aquatic with Steve Zissou,2004,4,421,English,119,Adventure,United States of America,Wes Anderson,"['Bill Murray', 'Owen Wilson', 'Cate Blanchett', 'Anjelica Huston', 'Willem Dafoe', 'Jeff Goldblum', 'Michael Gambon', 'Noah Taylor']"
80,3/31/22,Y Tu Mamá También,2001,5,1391,Spanish,106,Drama,Mexico,Alfonso Cuarón,"['Gael García Bernal', 'Diego Luna', 'Maribel Verdú', 'Daniel Giménez Cacho', 'Diana Bracho', 'Verónica Langer', 'María Aura', 'Emilio Echevarría']"
81,4/3/22,Punch-Drunk Love,2002,4,8051,English,96,Romance,United States of America,Paul Thomas Anderson,"['Adam Sandler', 'Emily Watson', 'Philip Seymour Hoffman', 'Luis Guzmán', 'Mary Lynn Rajskub', 'Robert Smigel', 'Jason Andrews', 'Don McManus']"
82,4/5/22,Frances Ha,2012,3,121986,English,86,Comedy,Brazil,Noah Baumbach,"['Greta Gerwig', 'Mickey Sumner', 'Michael Zegen', 'Adam Driver', ""Charlotte d'Amboise"", 'Patrick Heusinger', 'Michael Esper', 'Grace Gummer']"
83,4/6/22,Spirited Away,2001,,129,Japanese,125,Animation,Japan,Hayao Miyazaki,"['Rumi Hiiragi', 'Miyu Irino', 'Mari Natsuki', 'Takashi Naito', 'Yasuko Sawaguchi', 'Tsunehiko Kamijō', 'Takehiko Ono', 'Bunta Sugawara']"
84,4/7/22,Gravity,2013,3,49047,English,91,Science Fiction,United Kingdom,Alfonso Cuarón,"['Sandra Bullock', 'George Clooney', 'Ed Harris', 'Orto Ignatiussen', 'Phaldut Sharma', 'Amy Warren', 'Basher Savage']"
85,4/8/22,Prisoners,2013,4,146233,English,153,Drama,United States of America,Denis Villeneuve,"['Hugh Jackman', 'Jake Gyllenhaal', 'Maria Bello', 'Terrence Howard', 'Paul Dano', 'Viola Davis', 'Melissa Leo', 'Dylan Minnette']"
86,4/9/22,Boogie Nights,1997,3,4995,English,156,Drama,United States of America,Paul Thomas Anderson,"['Mark Wahlberg', 'Burt Reynolds', 'Julianne Moore', 'John C. Reilly', 'Heather Graham', 'Don Cheadle', 'Philip Seymour Hoffman', 'Nicole Ari Parker']"
87,4/10/22,House,1977,4,25623,Japanese,88,Comedy,Japan,Nobuhiko Obayashi,"['Kimiko Ikegami', 'Miki Jinbo', 'Kumiko Ohba', 'Ai Matsubara', 'Mieko Satoh', 'Eriko Tanaka', 'Masayo Miyako', 'Yôko Minamida']"
88,4/11/22,Hoop Dreams,1994,5,14275,English,174,Documentary,United States of America,Steve James,"['William Gates', 'Arthur Agee', 'Gene Pingatore', 'Steve James', 'Dick Vitale', 'Bobby Knight', 'Spike Lee', 'Isiah Thomas']"
89,4/14/22,The French Dispatch,2021,3,542178,English,108,Drama,United States of America,Wes Anderson,"['Benicio del Toro', 'Adrien Brody', 'Tilda Swinton', 'Léa Seydoux', 'Frances McDormand', 'Timothée Chalamet', 'Lyna Khoudri', 'Jeffrey Wright']"
90,4/15/22,GoodFellas,1990,4,769,English,145,Drama,United States of America,Martin Scorsese,"['Ray Liotta', 'Robert De Niro', 'Joe Pesci', 'Lorraine Bracco', 'Paul Sorvino', 'Frank Sivero', 'Tony Darrow', 'Mike Starr']"
91,4/15/22,The 40 Year Old Virgin,2005,,6957,English,116,Comedy,United States of America,Judd Apatow,"['Steve Carell', 'Catherine Keener', 'Paul Rudd', 'Romany Malco', 'Seth Rogen', 'Elizabeth Banks', 'Leslie Mann', 'Jane Lynch']"
92,4/18/22,A Nightmare on Elm Street,1984,1,377,English,91,Horror,United States of America,Wes Craven,"['Heather Langenkamp', 'John Saxon', 'Ronee Blakley', 'Amanda Wyss', 'Jsu Garcia', 'Johnny Depp', 'Robert Englund', 'Charles Fleischer']"
93,4/22/22,Batman,1989,2,268,English,126,Fantasy,United States of America,Tim Burton,"['Michael Keaton', 'Jack Nicholson', 'Kim Basinger', 'Michael Gough', 'Jerry Hall', 'Robert Wuhl', 'Pat Hingle', 'Billy Dee Williams']"
94,4/24/22,Blade Runner,1982,4,78,English,118,Science Fiction,United States of America,Ridley Scott,"['Harrison Ford', 'Rutger Hauer', 'Sean Young', 'Edward James Olmos', 'M. Emmet Walsh', 'Daryl Hannah', 'William Sanderson', 'Brion James']"
95,4/24/22,Batman Returns,1992,,364,English,126,Action,United States of America,Tim Burton,"['Michael Keaton', 'Michelle Pfeiffer', 'Danny DeVito', 'Christopher Walken', 'Michael Gough', 'Pat Hingle', 'Michael Murphy', 'Cristi Conaway']"
96,4/27/22,Requiem for a Dream,2000,4,641,English,102,Crime,United States of America,Darren Aronofsky,"['Ellen Burstyn', 'Jared Leto', 'Jennifer Connelly', 'Marlon Wayans', 'Christopher McDonald', 'Louise Lasser', 'Marcia Jean Kurtz', 'Janet Sarno']"
97,4/27/22,The Perks of Being a Wallflower,2012,,84892,English,103,Drama,United States of America,Stephen Chbosky,"['Logan Lerman', 'Emma Watson', 'Ezra Miller', 'Mae Whitman', 'Kate Walsh', 'Dylan McDermott', 'Melanie Lynskey', 'Nina Dobrev']"
98,4/27/22,The Big Short,2015,4,318846,English,131,Comedy,United States of America,Adam McKay,"['Christian Bale', 'Steve Carell', 'Ryan Gosling', 'Brad Pitt', 'Melissa Leo', 'Hamish Linklater', 'John Magaro', 'Rafe Spall']"
99,4/29/22,Tie Me Up! Tie Me Down!,1989,2,2469,Spanish,102,Comedy,Spain,Pedro Almodóvar,"['Victoria Abril', 'Antonio Banderas', 'Loles León', 'María Barranco', 'Rossy de Palma', 'Julieta Serrano', 'Francisco Rabal', 'Lola Cardona']"
100,5/3/22,Volver,2006,3,219,Spanish,121,Comedy,Spain,Pedro Almodóvar,"['Penélope Cruz', 'Carmen Maura', 'Lola Dueñas', 'Blanca Portillo', 'Yohana Cobo', 'Chus Lampreave', 'Antonio de la Torre', 'Carlos Blanco Vila']"
101,5/3/22,The Boy in the Striped Pyjamas,2008,,14574,English,94,War,United Kingdom,Mark Herman,"['Asa Butterfield', 'Jack Scanlon', 'Vera Farmiga', 'David Thewlis', 'Rupert Friend', 'David Hayman', 'Sheila Hancock', 'Cara Horgan']"
102,5/4/22,The Departed,2006,4,1422,English,151,Drama,Hong Kong,Martin Scorsese,"['Jack Nicholson', 'Leonardo DiCaprio', 'Matt Damon', 'Mark Wahlberg', 'Vera Farmiga', 'Martin Sheen', 'Ray Winstone', 'Anthony Anderson']"
103,5/6/22,The Breakfast Club,1985,,2108,English,98,Comedy,United States of America,John Hughes,"['Emilio Estevez', 'Judd Nelson', 'Molly Ringwald', 'Anthony Michael Hall', 'Ally Sheedy', 'Paul Gleason', 'John Kapelos', 'Perry Crawford']"
104,5/6/22,Clueless,1995,,9603,English,97,Comedy,United States of America,Amy Heckerling,"['Alicia Silverstone', 'Stacey Dash', 'Brittany Murphy', 'Paul Rudd', 'Donald Faison', 'Elisa Donovan', 'Breckin Meyer', 'Jeremy Sisto']"
105,5/8/22,In the Mood for Love,2000,3,843,Chinese,99,Drama,France,Wong Kar-wai,"['Tony Leung Chiu-wai', 'Maggie Cheung', 'Rebecca Pan', 'Kelly Lai Chen', 'Siu Ping-lam', 'Chin Tsi-Ang', 'Joe Cheung Tung-cho', 'Ku Jin-Hwa']"
106,5/9/22,Blade Runner 2049,2017,3,335984,English,164,Science Fiction,Canada,Denis Villeneuve,"['Ryan Gosling', 'Harrison Ford', 'Ana de Armas', 'Sylvia Hoeks', 'Robin Wright', 'Jared Leto', 'Mackenzie Davis', 'Carla Juri']"
107,5/10/22,Do the Right Thing,1989,5,925,English,120,Drama,United States of America,Spike Lee,"['Danny Aiello', 'Spike Lee', 'Ossie Davis', 'Richard Edson', 'John Turturro', 'Ruby Dee', 'Bill Nunn', 'Giancarlo Esposito']"
108,5/10/22,Peppermint,2018,1,458594,English,102,Action,China,Pierre Morel,"['Jennifer Garner', 'John Gallagher Jr.', 'John Ortiz', 'Juan Pablo Raba', 'Annie Ilonzeh', 'Jeff Hephner', 'Cailey Fleming', 'Eddie Shin']"
109,5/12/22,Persona,1966,2,797,Swedish,83,Drama,Sweden,Ingmar Bergman,"['Bibi Andersson', 'Liv Ullmann', 'Margaretha Krook', 'Gunnar Björnstrand', 'Jörgen Lindström']"
110,5/12/22,"I, Robot",2004,,2048,English,115,Action,United States of America,Alex Proyas,"['Will Smith', 'Bridget Moynahan', 'Alan Tudyk', 'James Cromwell', 'Bruce Greenwood', 'Shia LaBeouf', 'Chi McBride', 'Jerry Wasserman']"
111,5/13/22,Boyhood,2014,2,85350,English,166,Drama,United States of America,Richard Linklater,"['Ellar Coltrane', 'Patricia Arquette', 'Ethan Hawke', 'Lorelei Linklater', 'Libby Villari', 'Marco Perella', 'Brad Hawkins', 'Jamie Howard']"
112,5/16/22,Blue Velvet,1986,2,793,English,120,Crime,United States of America,David Lynch,"['Kyle MacLachlan', 'Isabella Rossellini', 'Dennis Hopper', 'Laura Dern', 'Hope Lange', 'Dean Stockwell', 'George Dickerson', 'Priscilla Pointer']"
113,5/20/22,Come and See,1985,5,25237,Russian,142,Drama,Soviet Union,Elem Klimov,"['Aleksei Kravchenko', 'Olga Mironova', 'Liubomiras Laucevicius', 'Vladas Bagdonas', 'Jüri Lumiste', 'Viktors Lorencs', 'Kazimir Rabetsky', 'Yevgeni Tilicheyev']"
114,5/22/22,Split,2016,,381288,English,117,Horror,United States of America,M. Night Shyamalan,"['James McAvoy', 'Anya Taylor-Joy', 'Betty Buckley', 'Haley Lu Richardson', 'Jessica Sula', 'Izzie Coffey', 'Brad William Henke', 'Sebastian Arcelus']"
115,5/24/22,Cléo from 5 to 7,1962,,499,French,90,Drama,France,Agnès Varda,"['Corinne Marchand', 'Antoine Bourseiller', 'Dominique Davray', 'Dorothée Blanck', 'Michel Legrand', 'José Luis de Vilallonga', 'Loye Payen', 'Renée Duchateau']"
116,5/24/22,Everything Everywhere All at Once,2022,5,545611,English,140,Action,United States of America,Daniel Scheinert,"['Michelle Yeoh', 'Stephanie Hsu', 'Ke Huy Quan', 'James Hong', 'Jamie Lee Curtis', 'Tallie Medel', 'Jenny Slate', 'Harry Shum Jr.']"
117,5/25/22,Man Bites Dog,1992,3,10086,French,96,Comedy,Belgium,Benoît Poelvoorde,"['Benoît Poelvoorde', 'Rémy Belvaux', 'André Bonzel', 'Jacqueline Poelvoorde-Pappaert', 'Valérie Parent', 'Édith Le Merdy', 'Jenny Drye', 'Malou Madou']"
118,5/25/22,Moneyball,2011,3,60308,English,134,Drama,United States of America,Bennett Miller,"['Brad Pitt', 'Jonah Hill', 'Philip Seymour Hoffman', 'Robin Wright', 'Chris Pratt', 'Stephen Bishop', 'Reed Diamond', 'Brent Jennings']"
119,5/27/22,Jackie Brown,1997,,184,English,154,Crime,United States of America,Quentin Tarantino,"['Pam Grier', 'Samuel L. Jackson', 'Robert De Niro', 'Bridget Fonda', 'Michael Keaton', 'Robert Forster', 'Michael Bowen', 'Chris Tucker']"
120,5/28/22,Amores Perros,2000,3,55,Spanish,154,Drama,Mexico,Alejandro González Iñárritu,"['Gael García Bernal', 'Vanessa Bauche', 'Goya Toledo', 'Álvaro Guerrero', 'Emilio Echevarría', 'Jorge Salinas', 'Rodrigo Murray', 'Humberto Busto']"
121,5/28/22,The Founder,2016,3,310307,English,115,Drama,United States of America,John Lee Hancock,"['Michael Keaton', 'Nick Offerman', 'John Carroll Lynch', 'Linda Cardellini', 'Patrick Wilson', 'B.J. Novak', 'Laura Dern', 'Justin Randell Brooke']"
122,5/30/22,Slacker,1990,,14022,English,97,Comedy,United States of America,Richard Linklater,"['Richard Linklater', 'Rudy Basquez', 'Jean Caffeine', 'Jan Hockey', 'Stephan Hockey', 'Mark James', 'Samuel Dietert', 'Bob Boyd']"
123,6/1/22,The Host,2006,3,1255,Korea,119,Horror,Japan,Bong Joon-ho,"['Song Kang-ho', 'Byun Hee-bong', 'Park Hae-il', 'Bae Doona', 'Ko A-sung', 'Oh Dal-su', 'Lee Jae-eung', 'Lee Dong-ho']"
124,6/2/22,Pi,1998,2,473,English,84,Mystery,United States of America,Darren Aronofsky,"['Sean Gullette', 'Mark Margolis', 'Ben Shenkman', 'Pamela Hart', 'Stephen Pearlman', 'Samia Shoaib', 'Ajay Naidu', 'Kristyn Mae-Anne Lao']"
125,6/3/22,I'm Thinking of Ending Things,2020,2,500840,English,135,Drama,United States of America,Charlie Kaufman,"['Jesse Plemons', 'Jessie Buckley', 'Toni Collette', 'David Thewlis', 'Guy Boyd', 'Hadley Robinson', 'Gus Birney', 'Abby Quinn']"
126,6/6/22,Being John Malkovich,1999,,492,English,113,Comedy,United States of America,Spike Jonze,"['John Cusack', 'John Malkovich', 'Cameron Diaz', 'Catherine Keener', 'Mary Kay Place', 'Orson Bean', 'Charlie Sheen', 'Reggie Hayes']"
127,6/7/22,Adaptation.,2002,4,2757,English,115,Comedy,United States of America,Spike Jonze,"['Nicolas Cage', 'Meryl Streep', 'Chris Cooper', 'Tilda Swinton', 'Jay Tavare', 'Litefoot', 'Roger Willie', 'Jim Beaver']"
128,6/10/22,Almost Famous,2000,4,786,English,124,Drama,United States of America,Cameron Crowe,"['Billy Crudup', 'Frances McDormand', 'Kate Hudson', 'Jason Lee', 'Patrick Fugit', 'Zooey Deschanel', 'Michael Angarano', 'Anna Paquin']"
129,6/13/22,The Godfather,1972,,238,English,175,Drama,United States of America,Francis Ford Coppola,"['Marlon Brando', 'Al Pacino', 'James Caan', 'Robert Duvall', 'Richard S. Castellano', 'Diane Keaton', 'Talia Shire', 'Gianni Russo']"
130,6/16/22,The Graduate,1967,4,37247,English,106,Comedy,United States of America,Mike Nichols,"['Anne Bancroft', 'Dustin Hoffman', 'Katharine Ross', 'Murray Hamilton', 'William Daniels', 'Elizabeth Wilson', 'Buck Henry', 'Brian Avery']"
131,6/16/22,Spider-Man: Into the Spider-Verse,2018,,324857,English,117,Action,United States of America,Rodney Rothman,"['Shameik Moore', 'Jake Johnson', 'Hailee Steinfeld', 'Mahershala Ali', 'Brian Tyree Henry', 'Lily Tomlin', 'Luna Lauren Velez', 'Zoë Kravitz']"
132,6/16/22,Spider-Man: No Way Home,2021,,634649,English,148,Action,United States of America,Jon Watts,"['Tom Holland', 'Zendaya', 'Benedict Cumberbatch', 'Jacob Batalon', 'Jon Favreau', 'Jamie Foxx', 'Willem Dafoe', 'Alfred Molina']"
133,6/17/22,The King of Comedy,1982,4,262,English,109,Drama,United States of America,Martin Scorsese,"['Robert De Niro', 'Jerry Lewis', 'Diahnne Abbott', 'Sandra Bernhard', 'Shelley Hack', 'Frederick de Cordova', 'Kim Chan', 'Ed Herlihy']"
134,6/17/22,It's Such a Beautiful Day,2012,4,489412,English,62,Drama,United States of America,Don Hertzfeldt,"['Don Hertzfeldt', 'Sara Cushman']"
135,6/18/22,Little Miss Sunshine,2006,3,773,English,102,Comedy,United States of America,Jonathan Dayton,"['Greg Kinnear', 'Toni Collette', 'Steve Carell', 'Paul Dano', 'Abigail Breslin', 'Alan Arkin', 'Bryan Cranston', 'Beth Grant']"
136,6/18/22,Citizen Kane,1941,,15,English,119,Mystery,United States of America,Orson Welles,"['Orson Welles', 'Joseph Cotten', 'Dorothy Comingore', 'Ray Collins', 'George Coulouris', 'Agnes Moorehead', 'Paul Stewart', 'Ruth Warrick']"
137,6/23/22,Chinatown,1974,4,829,English,130,Crime,United States of America,Roman Polanski,"['Jack Nicholson', 'Faye Dunaway', 'John Huston', 'Perry Lopez', 'John Hillerman', 'Diane Ladd', 'Roman Polanski', 'Roy Jenson']"
138,6/27/22,One Flew Over the Cuckoo's Nest,1975,4,510,English,133,Drama,United States of America,Miloš Forman,"['Jack Nicholson', 'Louise Fletcher', 'Danny DeVito', 'William Redfield', 'Scatman Crothers', 'Brad Dourif', 'Christopher Lloyd', 'Will Sampson']"
139,6/29/22,The Wrestler,2008,3,12163,English,109,Drama,United States of America,Darren Aronofsky,"['Mickey Rourke', 'Marisa Tomei', 'Evan Rachel Wood', 'Mark Margolis', 'Todd Barry', 'Wass Stevens', 'Judah Friedlander', 'Ernest Miller']"
140,7/4/22,Bottle Rocket,1996,3,13685,English,91,Comedy,United States of America,Wes Anderson,"['Owen Wilson', 'Luke Wilson', 'Robert Musgrave', 'Lumi Cavazos', 'Andrew Wilson', 'James Caan', 'Donny Caicedo', 'Shea Fowler']"
141,7/5/22,Moon,2009,2,17431,English,97,Science Fiction,United Kingdom,Duncan Jones,"['Sam Rockwell', 'Kevin Spacey', 'Dominique McElligott', 'Rosie Shaw', 'Adrienne Shaw', 'Kaya Scodelario', 'Benedict Wong', 'Matt Berry']"
142,7/5/22,Gone Girl,2014,3,210577,English,149,Mystery,United States of America,David Fincher,"['Ben Affleck', 'Rosamund Pike', 'Carrie Coon', 'Kim Dickens', 'Neil Patrick Harris', 'Tyler Perry', 'Patrick Fugit', 'Lisa Banes']"
143,7/6/22,Dazed and Confused,1993,5,9571,English,102,Comedy,United States of America,Richard Linklater,"['Jason London', 'Joey Lauren Adams', 'Matthew McConaughey', 'Rory Cochrane', 'Milla Jovovich', 'Shawn Andrews', 'Adam Goldberg', 'Anthony Rapp']"
144,7/6/22,Willy Wonka & the Chocolate Factory,1971,,252,English,99,Family,United States of America,Mel Stuart,"['Gene Wilder', 'Peter Ostrum', 'Jack Albertson', 'Roy Kinnear', 'Julie Dawn Cole', 'Leonard Stone', 'Denise Nickerson', 'Nora Denney']"
145,7/6/22,Easy A,2010,,37735,English,93,Comedy,United States of America,Will Gluck,"['Emma Stone', 'Penn Badgley', 'Amanda Bynes', 'Dan Byrd', 'Thomas Haden Church', 'Patricia Clarkson', 'Cam Gigandet', 'Lisa Kudrow']"
146,7/8/22,Heat,1995,3,949,English,170,Action,United States of America,Michael Mann,"['Al Pacino', 'Robert De Niro', 'Val Kilmer', 'Jon Voight', 'Tom Sizemore', 'Diane Venora', 'Amy Brenneman', 'Ashley Judd']"
147,7/9/22,10 Things I Hate About You,1999,2,4951,English,97,Comedy,United States of America,Gil Junger,"['Heath Ledger', 'Julia Stiles', 'Joseph Gordon-Levitt', 'Larisa Oleynik', 'David Krumholtz', 'Andrew Keegan', 'Susan May Pratt', 'Gabrielle Union']"
148,7/10/22,Fallen Angels,1995,2,11220,Chinese,98,Action,Hong Kong,Wong Kar-wai,"['Leon Lai', 'Charlie Yeung', 'Takeshi Kaneshiro', 'Karen Mok', 'Michelle Reis', 'Chan Man-Lei', 'Toru Saito', 'Benz Kong To-Hoi']"
149,7/11/22,The Tree of Life,2011,3,8967,English,139,Drama,United States of America,Terrence Malick,"['Brad Pitt', 'Sean Penn', 'Jessica Chastain', 'Hunter McCracken', 'Laramie Eppler', 'Tye Sheridan', 'Fiona Shaw', 'Jessica Fuselier']"
150,7/11/22,Last Night in Soho,2021,2,576845,English,117,Horror,United Kingdom,Edgar Wright,"['Thomasin McKenzie', 'Anya Taylor-Joy', 'Matt Smith', 'Rita Tushingham', 'Michael Ajao', 'Synnøve Karlsen', 'Pauline McLynn', 'Terence Stamp']"
151,7/13/22,The Pianist,2002,3,423,English,150,Drama,France,Roman Polanski,"['Adrien Brody', 'Thomas Kretschmann', 'Frank Finlay', 'Maureen Lipman', 'Emilia Fox', 'Ed Stoppard', 'Julia Rayner', 'Jessica Kate Meyer']"
152,7/15/22,The 400 Blows,1959,,147,French,99,Drama,France,François Truffaut,"['Jean-Pierre Léaud', 'Claire Maurier', 'Albert Rémy', 'Georges Flamant', 'Patrick Auffay', 'Robert Beauvais', 'Yvonne Claudie', 'Pierre Repp']"
153,7/15/22,Jurassic Park,1993,,329,English,127,Adventure,United States of America,Steven Spielberg,"['Sam Neill', 'Laura Dern', 'Jeff Goldblum', 'Richard Attenborough', 'Bob Peck', 'Wayne Knight', 'Ariana Richards', 'Joseph Mazzello']"
154,7/19/22,Nomadland,2020,2,581734,English,108,Drama,United States of America,Chloé Zhao,"['Frances McDormand', 'David Strathairn', 'Linda May', 'Swankie', 'Gay DeForest', 'Patricia Grier', 'Angela Reyes', 'Carl R. Hughes']"
155,7/20/22,Casablanca,1942,5,289,English,102,Drama,United States of America,Michael Curtiz,"['Humphrey Bogart', 'Ingrid Bergman', 'Paul Henreid', 'Claude Rains', 'Conrad Veidt', 'Sydney Greenstreet', 'Peter Lorre', 'S.Z. Sakall']"
156,7/29/22,Catch Me If You Can,2002,3,640,English,141,Drama,United States of America,Steven Spielberg,"['Leonardo DiCaprio', 'Tom Hanks', 'Christopher Walken', 'Martin Sheen', 'Nathalie Baye', 'Amy Adams', 'James Brolin', 'Jennifer Garner']"
157,7/29/22,Yi Yi,2000,4,25538,Taiwanese,173,Drama,Japan,Edward Yang,"['Wu Nien-Jen', 'Kelly Lee', 'Jonathan Chang', 'Issey Ogata', 'Elaine Jin', 'Hsi-Sheng Chen', 'Su-Yun Ko', 'Tao Chuang Cheng']"
158,7/31/22,American Pie,1999,,2105,English,95,Comedy,United States of America,Paul Weitz,"['Jason Biggs', 'Chris Klein', 'Thomas Ian Nicholas', 'Alyson Hannigan', 'Shannon Elizabeth', 'Tara Reid', 'Eddie Kaye Thomas', 'Seann William Scott']"
159,7/31/22,Superbad,2007,,8363,English,113,Comedy,United States of America,Greg Mottola,"['Jonah Hill', 'Michael Cera', 'Christopher Mintz-Plasse', 'Bill Hader', 'Seth Rogen', 'Martha MacIsaac', 'Emma Stone', 'Aviva Baumann']"
160,8/1/22,Gates of Heaven,1978,2,24998,English,85,Documentary,United States of America,Errol Morris,"['Lucille Billingsley', 'Zella Graham', 'Cal Harberts', 'Dan Harberts', 'Phil Harberts', 'Scottie Harberts', 'Mike Koewler', 'Floyd McClure']"
161,8/4/22,Cure,1997,3,36095,Japanese,111,Crime,Japan,Kiyoshi Kurosawa,"['Koji Yakusho', 'Tsuyoshi Ujiki', 'Anna Nakagawa', 'Yukijiro Hotaru', 'Yoriko Doguchi', 'Denden', 'Ren Osugi', 'Masahiro Toda']"
162,8/4/22,Charlie and the Chocolate Factory,2005,,118,English,115,Adventure,United Kingdom,Tim Burton,"['Johnny Depp', 'Freddie Highmore', 'David Kelly', 'Helena Bonham Carter', 'Noah Taylor', 'Missi Pyle', 'James Fox', 'Deep Roy']"
163,8/5/22,Barton Fink,1991,3,290,English,117,Comedy,United Kingdom,Joel Coen,"['John Turturro', 'John Goodman', 'Judy Davis', 'Michael Lerner', 'Tony Shalhoub', 'John Mahoney', 'Jon Polito', 'Steve Buscemi']"
164,8/6/22,Manhattan,1979,3,696,English,96,Comedy,United States of America,Woody Allen,"['Woody Allen', 'Diane Keaton', 'Michael Murphy', 'Mariel Hemingway', 'Meryl Streep', 'Anne Byrne Hoffman', 'Karen Ludwig', ""Michael O'Donoghue""]"
165,8/6/22,Midnight in Paris,2011,3,59436,English,94,Fantasy,France,Woody Allen,"['Owen Wilson', 'Rachel McAdams', 'Kurt Fuller', 'Mimi Kennedy', 'Michael Sheen', 'Nina Arianda', 'Marion Cotillard', 'Léa Seydoux']"
166,8/7/22,Jojo Rabbit,2019,4,515001,English,108,Comedy,Czech Republic,Taika Waititi,"['Roman Griffin Davis', 'Thomasin McKenzie', 'Scarlett Johansson', 'Taika Waititi', 'Sam Rockwell', 'Rebel Wilson', 'Alfie Allen', 'Stephen Merchant']"
167,8/8/22,Double Indemnity,1944,,996,English,107,Crime,United States of America,Billy Wilder,"['Fred MacMurray', 'Barbara Stanwyck', 'Edward G. Robinson', 'Porter Hall', 'Richard Gaines', 'Jean Heather', 'Tom Powers', 'Fortunio Bonanova']"
168,8/8/22,"Three Billboards Outside Ebbing, Missouri",2017,4,359940,English,115,Crime,United Kingdom,Martin McDonagh,"['Frances McDormand', 'Woody Harrelson', 'Sam Rockwell', 'Lucas Hedges', 'Abbie Cornish', 'Caleb Landry Jones', 'Peter Dinklage', 'John Hawkes']"
169,8/9/22,Irma Vep,1996,2,25355,French,99,Comedy,France,Olivier Assayas,"['Maggie Cheung', 'Jean-Pierre Léaud', 'Nathalie Richard', 'Antoine Basler', 'Nathalie Boutefeu', 'Alex Descas', 'Dominique Faysse', 'Arsinée Khanjian']"
170,8/9/22,Sicario,2015,3,273481,English,122,Action,Mexico,Denis Villeneuve,"['Emily Blunt', 'Benicio del Toro', 'Josh Brolin', 'Victor Garber', 'Jon Bernthal', 'Daniel Kaluuya', 'Jeffrey Donovan', 'Raoul Max Trujillo']"
171,8/11/22,Arrival,2016,3,329865,English,116,Drama,Canada,Denis Villeneuve,"['Amy Adams', 'Jeremy Renner', 'Forest Whitaker', 'Michael Stuhlbarg', 'Tzi Ma', ""Mark O'Brien"", 'Julia Scarlett Dan', 'Abigail Pniowsky']"
172,8/12/22,American Honey,2016,1,340485,English,163,Drama,United Kingdom,Andrea Arnold,"['Sasha Lane', 'Shia LaBeouf', 'Riley Keough', 'McCaul Lombardi', 'Arielle Holmes', 'Crystal Ice', 'Veronica Ezell', 'Chad Cox']"
173,8/16/22,Green Book,2018,4,490132,English,130,Drama,United States of America,Peter Farrelly,"['Viggo Mortensen', 'Mahershala Ali', 'Linda Cardellini', 'Sebastian Maniscalco', 'Dimiter D. Marinov', 'Mike Hatton', 'P.J. Byrne', 'Joe Cortese']"
174,8/18/22,Eyes Wide Shut,1999,4,345,English,159,Drama,United Kingdom,Stanley Kubrick,"['Tom Cruise', 'Nicole Kidman', 'Sydney Pollack', 'Marie Richardson', 'Rade Šerbedžija', 'Todd Field', 'Vinessa Shaw', 'Alan Cumming']"
175,8/18/22,Annie Hall,1977,5,703,English,93,Comedy,United States of America,Woody Allen,"['Woody Allen', 'Diane Keaton', 'Tony Roberts', 'Carol Kane', 'Paul Simon', 'Shelley Duvall', 'Janet Margolin', 'Colleen Dewhurst']"
176,8/20/22,Raising Arizona,1987,2,378,English,94,Comedy,United States of America,Joel Coen,"['Nicolas Cage', 'Holly Hunter', 'Trey Wilson', 'John Goodman', 'William Forsythe', 'Sam McMurray', 'Frances McDormand', ""Randall 'Tex' Cobb""]"
177,8/20/22,Day Shift,2022,3,755566,English,113,Action,United States of America,J.J. Perry,"['Jamie Foxx', 'Dave Franco', 'Natasha Liu Bordizzo', 'Meagan Good', 'Zion Broadnax', 'Snoop Dogg', 'Karla Souza', 'Steve Howey']"
178,8/20/22,L.A. Confidential,1997,4,2118,English,138,Crime,United States of America,Curtis Hanson,"['Russell Crowe', 'Guy Pearce', 'Kevin Spacey', 'Kim Basinger', 'Danny DeVito', 'James Cromwell', 'David Strathairn', 'Ron Rifkin']"
179,8/23/22,Blood Simple,1984,3,11368,English,97,Crime,United States of America,Joel Coen,"['John Getz', 'Frances McDormand', 'Dan Hedaya', 'Samm-Art Williams', 'M. Emmet Walsh', 'Deborah Neumann', 'Raquel Gavia', 'Van Brooks']"
180,8/23/22,Now You See Me,2013,2,75656,English,116,Thriller,United States of America,Louis Leterrier,"['Jesse Eisenberg', 'Mark Ruffalo', 'Woody Harrelson', 'Isla Fisher', 'Dave Franco', 'Mélanie Laurent', 'Morgan Freeman', 'Michael Caine']"
181,8/25/22,The Girl with the Dragon Tattoo,2011,,65754,English,158,Thriller,United States of America,David Fincher,"['Daniel Craig', 'Rooney Mara', 'Christopher Plummer', 'Stellan Skarsgård', 'Robin Wright', 'Yorick van Wageningen', 'Steven Berkoff', 'Joely Richardson']"
182,8/25/22,Office Space,1999,2,1542,English,90,Comedy,United States of America,Mike Judge,"['Ron Livingston', 'Jennifer Aniston', 'David Herman', 'Ajay Naidu', 'Diedrich Bader', 'Stephen Root', 'Gary Cole', 'Richard Riehle']"
183,8/25/22,CODA,2021,2,776503,English,112,Drama,France,Siân Heder,"['Emilia Jones', 'Marlee Matlin', 'Troy Kotsur', 'Eugenio Derbez', 'Ferdia Walsh-Peelo', 'Daniel Durant', 'Amy Forsyth', 'Kevin Chapman']"
184,8/25/22,World War Z,2013,,72190,English,116,Action,Malta,Marc Forster,"['Brad Pitt', 'Mireille Enos', 'Daniella Kertesz', 'James Badge Dale', 'Ludi Boeken', 'Matthew Fox', 'Fana Mokoena', 'David Morse']"
185,8/27/22,The Devil Wears Prada,2006,2,350,English,109,Comedy,France,David Frankel,"['Anne Hathaway', 'Meryl Streep', 'Emily Blunt', 'Stanley Tucci', 'Simon Baker', 'Adrian Grenier', 'Tracie Thoms', 'Rich Sommer']"
186,8/29/22,Train to Busan,2016,4,396535,Korea,118,Horror,South Korea,Yeon Sang-ho,"['Gong Yoo', 'Kim Su-an', 'Jung Yu-mi', 'Ma Dong-seok', 'Choi Woo-shik', 'An So-hee', 'Kim Eui-sung', 'Ye Soo-jung']"
187,9/3/22,Licorice Pizza,2021,3,718032,English,133,Drama,Canada,Paul Thomas Anderson,"['Alana Haim', 'Cooper Hoffman', 'Sean Penn', 'Tom Waits', 'Bradley Cooper', 'Benny Safdie', 'Skyler Gisondo', 'Mary Elizabeth Ellis']"
188,9/5/22,Captain Fantastic,2016,2,334533,English,118,Adventure,United States of America,Matt Ross,"['Viggo Mortensen', 'Samantha Isler', 'Annalise Basso', 'Steve Zahn', 'George MacKay', 'Nicholas Hamilton', 'Shree Crooks', 'Charlie Shotwell']"
189,9/8/22,Thief,1981,3,11524,English,123,Crime,United States of America,Michael Mann,"['James Caan', 'Tuesday Weld', 'Robert Prosky', 'Willie Nelson', 'Jim Belushi', 'Tom Signorelli', 'Dennis Farina', 'Nick Nickeas']"
190,9/10/22,Paddington,2014,3,116149,English,96,Comedy,France,Paul King,"['Ben Whishaw', 'Hugh Bonneville', 'Sally Hawkins', 'Madeleine Harris', 'Samuel Joslin', 'Nicole Kidman', 'Julie Walters', 'Imelda Staunton']"
191,9/10/22,Project X,2012,3,57214,English,88,Comedy,United States of America,Nima Nourizadeh,"['Thomas Mann', 'Oliver Cooper', 'Jonathan Daniel Brown', 'Dax Flame', 'Kirby Bliss Blanton', 'Brady Hender', 'Nick Nervies', 'Alexis Knapp']"
192,9/12/22,Hellraiser,1987,1,9003,English,93,Horror,United Kingdom,Clive Barker,"['Clare Higgins', 'Ashley Laurence', 'Sean Chapman', 'Oliver Smith', 'Andrew Robinson', 'Robert Hines', 'Doug Bradley', 'Grace Kirby']"
193,9/12/22,Hellraiser,1987,2,9003,English,93,Horror,United Kingdom,Clive Barker,"['Clare Higgins', 'Ashley Laurence', 'Sean Chapman', 'Oliver Smith', 'Andrew Robinson', 'Robert Hines', 'Doug Bradley', 'Grace Kirby']"
194,9/12/22,A Rainy Day in New York,2019,2,475303,English,92,Comedy,United States of America,Woody Allen,"['Timothée Chalamet', 'Elle Fanning', 'Selena Gomez', 'Jude Law', 'Diego Luna', 'Liev Schreiber', 'Rebecca Hall', 'Griffin Newman']"
195,9/12/22,Hard Eight,1996,3,8052,English,102,Drama,United States of America,Paul Thomas Anderson,"['Philip Baker Hall', 'John C. Reilly', 'Gwyneth Paltrow', 'Samuel L. Jackson', 'F. William Parker', 'Philip Seymour Hoffman', 'Nathanael Cooper', 'Wynn White']"
196,9/13/22,The Terminator,1984,,218,English,108,Action,United Kingdom,James Cameron,"['Arnold Schwarzenegger', 'Michael Biehn', 'Linda Hamilton', 'Paul Winfield', 'Lance Henriksen', 'Rick Rossovich', 'Bess Motta', 'Earl Boen']"
197,9/16/22,The Machinist,2004,3,4553,English,101,Thriller,Belgium,Brad Anderson,"['Christian Bale', 'Jennifer Jason Leigh', 'Aitana Sánchez-Gijón', 'John Sharian', 'Michael Ironside', 'Lawrence Gilliard Jr.', 'Craig Stevenson', 'Reg E. Cathey']"
198,9/18/22,Hellbound: Hellraiser II,1988,2,9064,English,97,Horror,United Kingdom,Tony Randel,"['Ashley Laurence', 'Clare Higgins', 'Kenneth Cranham', 'Imogen Boorman', 'William Hope', 'Sean Chapman', 'Doug Bradley', 'Barbie Wilde']"
199,9/18/22,Vanilla Sky,2001,1,1903,English,136,Mystery,Spain,Cameron Crowe,"['Tom Cruise', 'Penélope Cruz', 'Cameron Diaz', 'Kurt Russell', 'Jason Lee', 'Noah Taylor', 'Timothy Spall', 'Tilda Swinton']"
200,9/20/22,The Virgin Suicides,1999,4,1443,English,97,Drama,United States of America,Sofia Coppola,"['Kirsten Dunst', 'Josh Hartnett', 'James Woods', 'Kathleen Turner', 'Michael Paré', 'Scott Glenn', 'Danny DeVito', 'A.J. Cook']"
201,9/26/22,Airplane!,1980,4,813,English,88,Comedy,United States of America,Jerry Zucker,"['Robert Hays', 'Julie Hagerty', 'Leslie Nielsen', 'Kareem Abdul-Jabbar', 'Lloyd Bridges', 'Peter Graves', 'Lorna Patterson', 'Robert Stack']"
202,9/26/22,The Fly,1986,3,9426,English,96,Horror,Canada,David Cronenberg,"['Jeff Goldblum', 'Geena Davis', 'John Getz', 'Joy Boushel', 'Leslie Carlson', 'George Chuvalo', 'Michael Copeman', 'David Cronenberg']"
203,9/27/22,Nope,2022,4,762504,English,130,Horror,United States of America,Jordan Peele,"['Daniel Kaluuya', 'Keke Palmer', 'Brandon Perea', 'Michael Wincott', 'Steven Yeun', 'Wrenn Schmidt', 'Keith David', 'Devon Graye']"
204,9/27/22,Angst,1983,,18912,German,75,Crime,Austria,Gerald Kargl,"['Erwin Leder', 'Robert Hunger-Bühler', 'Silvia Rabenreither', 'Karin Springer', 'Edith Rosset', 'Josefine Lakatha', 'Rudolf Götz']"
205,9/28/22,The Secret Life of Walter Mitty,2013,2,116745,English,114,Adventure,United States of America,Ben Stiller,"['Ben Stiller', 'Kristen Wiig', 'Sean Penn', 'Shirley MacLaine', 'Adam Scott', 'Kathryn Hahn', 'Patton Oswalt', 'Adrian Martinez']"
206,9/29/22,The Maltese Falcon,1941,2,963,English,100,Mystery,United States of America,John Huston,"['Humphrey Bogart', 'Mary Astor', 'Gladys George', 'Peter Lorre', 'Barton MacLane', 'Lee Patrick', 'Sydney Greenstreet', 'Ward Bond']"
207,9/29/22,Malcolm X,1992,,1883,English,202,Drama,United States of America,Spike Lee,"['Denzel Washington', 'Angela Bassett', 'Albert Hall', 'Al Freeman Jr.', 'Delroy Lindo', 'Spike Lee', 'Theresa Randle', 'Kate Vernon']"
208,9/29/22,The Man Who Sleeps,1974,1,104086,French,77,Drama,France,Georges Perec,"['Jacques Spiesser', 'Ludmila Mikaël']"
209,9/30/22,The Boondock Saints,1999,3,8374,English,108,Action,Canada,Troy Duffy,"['Willem Dafoe', 'Sean Patrick Flanery', 'Norman Reedus', 'David Della Rocco', 'Billy Connolly', 'David Ferry', 'Brian Mahoney', 'Bob Marley']"
210,10/1/22,Terminator 2: Judgment Day,1991,,280,English,137,Action,France,James Cameron,"['Arnold Schwarzenegger', 'Linda Hamilton', 'Edward Furlong', 'Robert Patrick', 'Joe Morton', 'Earl Boen', 'S. Epatha Merkerson', 'Castulo Guerra']"
211,10/1/22,Misery,1990,3,1700,English,107,Drama,United States of America,Rob Reiner,"['James Caan', 'Kathy Bates', 'Richard Farnsworth', 'Frances Sternhagen', 'Lauren Bacall', 'Graham Jarvis', 'Jerry Potter', 'Thomas Brunelle']"
212,10/1/22,Network,1976,3,10774,English,122,Drama,United States of America,Sidney Lumet,"['Peter Finch', 'Faye Dunaway', 'William Holden', 'Robert Duvall', 'Beatrice Straight', 'Wesley Addy', 'Ned Beatty', 'Arthur Burghardt']"
213,10/3/22,Paddington 2,2017,4,346648,English,104,Adventure,France,Paul King,"['Ben Whishaw', 'Sally Hawkins', 'Hugh Grant', 'Hugh Bonneville', 'Brendan Gleeson', 'Madeleine Harris', 'Samuel Joslin', 'Julie Walters']"
214,10/11/22,Scanners,1981,3,9538,English,103,Science Fiction,Canada,David Cronenberg,"[""Jennifer O'Neill"", 'Stephen Lack', 'Patrick McGoohan', 'Lawrence Dane', 'Michael Ironside', 'Robert A. Silverman', 'Lee Broker', 'Mavor Moore']"
215,10/11/22,The Brood,1979,1,28942,English,92,Horror,Canada,David Cronenberg,"['Oliver Reed', 'Samantha Eggar', 'Art Hindle', 'Henry Beckman', 'Nuala Fitzgerald', 'Cindy Hinds', 'Susan Hogan', 'Gary McKeehan']"
216,10/14/22,Call Me by Your Name,2017,4,398818,English,132,Romance,Brazil,Luca Guadagnino,"['Timothée Chalamet', 'Armie Hammer', 'Michael Stuhlbarg', 'Amira Casar', 'Esther Garrel', 'Victoire Du Bois', 'Vanda Capriolo', 'Antonio Rimoldi']"
217,10/16/22,Friday,1995,4,10634,English,91,Comedy,United States of America,F. Gary Gray,"['Ice Cube', 'Chris Tucker', 'Nia Long', 'Tommy Lister Jr.', 'John Witherspoon', 'Anna Maria Horsford', 'Regina King', 'Paula Jai Parker']"
218,10/20/22,Certain Women,2016,3,340487,English,107,Drama,United States of America,Kelly Reichardt,"['Laura Dern', 'Kristen Stewart', 'Michelle Williams', 'Lily Gladstone', 'James Le Gros', 'Jared Harris', 'René Auberjonois', 'John Getz']"
219,10/21/22,Groundhog Day,1993,,137,English,101,Romance,United States of America,Harold Ramis,"['Bill Murray', 'Andie MacDowell', 'Chris Elliott', 'Stephen Tobolowsky', 'Brian Doyle-Murray', 'Angela Paton', 'Rick Ducommun', 'Rick Overton']"
220,10/24/22,Juno,2007,,7326,English,96,Comedy,United States of America,Jason Reitman,"['Elliot Page', 'Michael Cera', 'Jennifer Garner', 'Jason Bateman', 'Allison Janney', 'J.K. Simmons', 'Olivia Thirlby', 'Eileen Pedde']"
221,10/24/22,Human Nature,2001,4,441,English,96,Drama,France,Michel Gondry,"['Tim Robbins', 'Patricia Arquette', 'Rhys Ifans', 'Miranda Otto', 'Robert Forster', 'Mary Kay Place', 'Miguel Sandoval', 'Toby Huss']"
222,10/24/22,Full Metal Jacket,1987,,600,English,117,Drama,United Kingdom,Stanley Kubrick,"['Matthew Modine', 'Adam Baldwin', ""Vincent D'Onofrio"", 'R. Lee Ermey', 'Dorian Harewood', 'Arliss Howard', 'Kevyn Major Howard', ""Ed O'Ross""]"
223,10/30/22,It,2017,2,346364,English,135,Horror,United States of America,Andy Muschietti,"['Jaeden Martell', 'Bill Skarsgård', 'Sophia Lillis', 'Jack Dylan Grazer', 'Finn Wolfhard', 'Jeremy Ray Taylor', 'Wyatt Oleff', 'Chosen Jacobs']"
224,11/1/22,Burn After Reading,2008,3,4944,English,96,Comedy,United States of America,Joel Coen,"['George Clooney', 'Frances McDormand', 'Brad Pitt', 'John Malkovich', 'Tilda Swinton', 'Richard Jenkins', 'Elizabeth Marvel', 'David Rasche']"
225,11/4/22,It Chapter Two,2019,2,474350,English,169,Horror,United States of America,Andy Muschietti,"['James McAvoy', 'Jessica Chastain', 'Isaiah Mustafa', 'Bill Hader', 'Jay Ryan', 'James Ransone', 'Bill Skarsgård', 'Teach Grant']"
226,11/9/22,Spring Breakers,2012,4,122081,English,94,Drama,France,Harmony Korine,"['James Franco', 'Selena Gomez', 'Vanessa Hudgens', 'Ashley Benson', 'Rachel Korine', 'Gucci Mane', 'Heather Morris', 'Ash Lendzion']"
227,11/16/22,Miami Vice,2006,4,82,English,132,Action,Uruguay,Michael Mann,"['Colin Farrell', 'Jamie Foxx', 'Gong Li', 'Naomie Harris', 'John Ortiz', 'Ciarán Hinds', 'Justin Theroux', 'Barry Shabaka Henley']"
228,11/16/22,Sin City,2005,2,187,English,124,Thriller,United States of America,Robert Rodriguez,"['Bruce Willis', 'Jessica Alba', 'Clive Owen', 'Mickey Rourke', 'Rutger Hauer', 'Benicio del Toro', 'Alexis Bledel', 'Michael Madsen']"
229,11/18/22,(500) Days of Summer,2009,3,19913,English,95,Comedy,United States of America,Marc Webb,"['Joseph Gordon-Levitt', 'Zooey Deschanel', 'Geoffrey Arend', 'Chloë Grace Moretz', 'Matthew Gray Gubler', 'Clark Gregg', 'Patricia Belcher', 'Rachel Boston']"
230,11/18/22,RoboCop,1987,,5548,English,102,Action,United States of America,Paul Verhoeven,"['Peter Weller', 'Nancy Allen', ""Dan O'Herlihy"", 'Ronny Cox', 'Kurtwood Smith', 'Miguel Ferrer', 'Robert DoQui', 'Ray Wise']"
231,11/19/22,Rosemary's Baby,1968,,805,English,138,Drama,United States of America,Roman Polanski,"['Mia Farrow', 'John Cassavetes', 'Ruth Gordon', 'Sidney Blackmer', 'Maurice Evans', 'Ralph Bellamy', 'Victoria Vetri', 'Patsy Kelly']"
232,11/21/22,Dead Ringers,1988,2,9540,English,115,Thriller,Canada,David Cronenberg,"['Jeremy Irons', 'Geneviève Bujold', 'Heidi von Palleske', 'Barbara Gordon', 'Shirley Douglas', 'Stephen Lack', 'Nick Nichols', 'Lynne Cormack']"
233,11/21/22,Seven Psychopaths,2012,3,86838,English,110,Comedy,United Kingdom,Martin McDonagh,"['Colin Farrell', 'Sam Rockwell', 'Woody Harrelson', 'Christopher Walken', 'Olga Kurylenko', 'Tom Waits', 'Abbie Cornish', 'Michael Stuhlbarg']"
234,11/26/22,Videodrome,1983,2,837,English,88,Horror,Canada,David Cronenberg,"['James Woods', 'Sonja Smits', 'Debbie Harry', 'Peter Dvorsky', 'Leslie Carlson', 'Jack Creley', 'Lynne Gorman', 'Julie Khaner']"
235,11/29/22,Anomalisa,2015,,291270,English,90,Animation,United States of America,Charlie Kaufman,"['David Thewlis', 'Jennifer Jason Leigh', 'Tom Noonan']"
236,11/30/22,The Aviator,2004,,2567,English,170,Drama,Germany,Martin Scorsese,"['Leonardo DiCaprio', 'Cate Blanchett', 'Kate Beckinsale', 'John C. Reilly', 'Alan Alda', 'Danny Huston', 'Ian Holm', 'Alec Baldwin']"
237,12/5/22,Along Came a Spider,2001,3,2043,English,104,Crime,Canada,Lee Tamahori,"['Morgan Freeman', 'Monica Potter', 'Michael Wincott', 'Dylan Baker', 'Mika Boorem', 'Anton Yelchin', 'Kim Hawthorne', 'Jay O. Sanders']"
238,12/11/22,The Shawshank Redemption,1994,,278,English,142,Drama,United States of America,Frank Darabont,"['Tim Robbins', 'Morgan Freeman', 'Bob Gunton', 'William Sadler', 'Clancy Brown', 'Gil Bellows', 'James Whitmore', 'Mark Rolston']"
239,12/11/22,"Jeanne Dielman, 23, quai du Commerce, 1080 Bruxelles",1975,1,44012,French,202,Drama,Belgium,Chantal Akerman,"['Delphine Seyrig', 'Jan Decorte', 'Henri Storck', 'Jacques Doniol-Valcroze', 'Yves Bical', 'Chantal Akerman']"
240,12/17/22,Rush Hour,1998,2,2109,English,98,Action,United States of America,Brett Ratner,"['Jackie Chan', 'Chris Tucker', 'Tom Wilkinson', 'Philip Baker Hall', 'Elizabeth Peña', 'Chris Penn', 'Mark Rolston', 'Tzi Ma']"
241,12/18/22,The Banshees of Inisherin,2022,4,674324,English,114,Drama,Ireland,Martin McDonagh,"['Colin Farrell', 'Brendan Gleeson', 'Kerry Condon', 'Barry Keoghan', 'Gary Lydon', 'Pat Shortt', 'Jon Kenny', 'Sheila Flitton']"
242,12/18/22,Rush Hour 2,2001,1,5175,English,90,Action,United States of America,Brett Ratner,"['Jackie Chan', 'Chris Tucker', 'John Lone', 'Zhang Ziyi', 'Roselyn Sánchez', 'Alan King', 'Harris Yulin', 'Kenneth Tsang']"
243,12/22/22,School of Rock,2003,4,1584,English,110,Comedy,Germany,Richard Linklater,"['Jack Black', 'Joan Cusack', 'Mike White', 'Sarah Silverman', 'Miranda Cosgrove', 'Joey Gaydos Jr.', 'Kevin Alexander Clark', 'Rivkah Reyes']"
244,12/23/22,Pain and Glory,2019,4,519010,Spanish,114,Drama,Spain,Pedro Almodóvar,"['Antonio Banderas', 'Asier Etxeandia', 'Leonardo Sbaraglia', 'Nora Navas', 'Julieta Serrano', 'Penélope Cruz', 'César Vicente', 'Asier Flores']"
245,12/23/22,Bullet Train,2022,3,718930,English,126,Action,United States of America,David Leitch,"['Brad Pitt', 'Joey King', 'Aaron Taylor-Johnson', 'Brian Tyree Henry', 'Andrew Koji', 'Hiroyuki Sanada', 'Michael Shannon', 'Bad Bunny']"
246,12/24/22,Once Upon a Time… in Hollywood,2019,4,466272,English,162,Comedy,China,Quentin Tarantino,"['Leonardo DiCaprio', 'Brad Pitt', 'Margot Robbie', 'Emile Hirsch', 'Margaret Qualley', 'Timothy Olyphant', 'Julia Butters', 'Austin Butler']"
247,12/25/22,Ocean's Eleven,2001,3,161,English,116,Thriller,United States of America,Steven Soderbergh,"['George Clooney', 'Matt Damon', 'Andy García', 'Brad Pitt', 'Julia Roberts', 'Casey Affleck', 'Scott Caan', 'Elliott Gould']"
248,12/25/22,Ocean's Twelve,2004,2,163,English,125,Thriller,United States of America,Steven Soderbergh,"['George Clooney', 'Brad Pitt', 'Matt Damon', 'Catherine Zeta-Jones', 'Andy García', 'Don Cheadle', 'Bernie Mac', 'Julia Roberts']"
249,12/30/22,The Lobster,2015,4,254320,English,118,Comedy,France,Yorgos Lanthimos,"['Colin Farrell', 'Rachel Weisz', 'Jessica Barden', 'Olivia Colman', 'Ashley Jensen', 'Ariane Labed', 'Angeliki Papoulia', 'John C. Reilly']"
250,12/30/22,Twelve Monkeys,1995,2,63,English,129,Science Fiction,United States of America,Terry Gilliam,"['Bruce Willis', 'Madeleine Stowe', 'Brad Pitt', 'Christopher Plummer', 'David Morse', 'Jon Seda', 'Christopher Meloni', 'Joey Perillo']"
251,12/31/22,Glass Onion,2022,2,661374,English,140,Comedy,United States of America,Rian Johnson,"['Daniel Craig', 'Edward Norton', 'Janelle Monáe', 'Kathryn Hahn', 'Leslie Odom Jr.', 'Kate Hudson', 'Dave Bautista', 'Jessica Henwick']"
252,1/1/23,Miller's Crossing,1990,2,379,English,115,Drama,United States of America,Joel Coen,"['Gabriel Byrne', 'Albert Finney', 'Jon Polito', 'Marcia Gay Harden', 'John Turturro', 'J.E. Freeman', 'Steve Buscemi', 'Mike Starr']"
253,1/1/23,The Da Vinci Code,2006,2,591,English,149,Thriller,United States of America,Ron Howard,"['Tom Hanks', 'Audrey Tautou', 'Ian McKellen', 'Jean Reno', 'Paul Bettany', 'Alfred Molina', 'Jürgen Prochnow', 'Jean-Yves Berteloot']"
254,1/1/23,"Hail, Caesar!",2016,4,270487,English,106,Comedy,United States of America,Joel Coen,"['Josh Brolin', 'George Clooney', 'Alden Ehrenreich', 'Ralph Fiennes', 'Scarlett Johansson', 'Tilda Swinton', 'Channing Tatum', 'Frances McDormand']"
255,1/2/23,City Hall,1996,2,11062,English,111,Drama,United States of America,Harold Becker,"['Al Pacino', 'John Cusack', 'Bridget Fonda', 'Danny Aiello', 'Martin Landau', 'David Paymer', 'Anthony Franciosa', 'Lindsay Duncan']"
256,1/2/23,Ocean's Thirteen,2007,4,298,English,122,Crime,United States of America,Steven Soderbergh,"['George Clooney', 'Brad Pitt', 'Matt Damon', 'Andy García', 'Don Cheadle', 'Bernie Mac', 'Ellen Barkin', 'Al Pacino']"
257,1/3/23,Children of Men,2006,4,9693,English,109,Drama,United Kingdom,Alfonso Cuarón,"['Clive Owen', 'Clare-Hope Ashitey', 'Pam Ferris', 'Chiwetel Ejiofor', 'Julianne Moore', 'Michael Caine', 'Oana Pellea', 'Charlie Hunnam']"
258,1/3/23,Enemy,2013,3,181886,English,91,Thriller,Canada,Denis Villeneuve,"['Jake Gyllenhaal', 'Mélanie Laurent', 'Sarah Gadon', 'Isabella Rossellini', 'Joshua Peace', 'Tim Post', 'Kedar Brown', 'Darryl Dinn']"
259,1/5/23,Now You See Me 2,2016,2,291805,English,129,Crime,Hong Kong,Jon M. Chu,"['Jesse Eisenberg', 'Mark Ruffalo', 'Woody Harrelson', 'Morgan Freeman', 'Dave Franco', 'Daniel Radcliffe', 'Lizzy Caplan', 'Michael Caine']"
260,1/5/23,All That Jazz,1979,4,16858,English,123,Drama,United States of America,Bob Fosse,"['Roy Scheider', 'Ann Reinking', 'Leland Palmer', 'Jessica Lange', 'Erzsebet Foldi', 'Deborah Geffner', 'Anthony Holland', 'Ben Vereen']"
261,1/7/23,Solaris,1972,2,593,Russian,167,Drama,Soviet Union,Andrei Tarkovsky,"['Donatas Banionis', 'Natalya Bondarchuk', 'Jüri Järvet', 'Anatoliy Solonitsyn', 'Nikolay Grinko', 'Vladislav Dvorzhetsky', 'Georgiy Teykh', 'Sos Sargsyan']"
262,1/9/23,The Menu,2022,3,593643,English,107,Horror,United States of America,Mark Mylod,"['Ralph Fiennes', 'Anya Taylor-Joy', 'Nicholas Hoult', 'Hong Chau', 'Janet McTeer', 'Paul Adelstein', 'John Leguizamo', 'Aimee Carrero']"
263,1/9/23,Hereditary,2018,3,493922,English,128,Horror,United States of America,Ari Aster,"['Toni Collette', 'Alex Wolff', 'Milly Shapiro', 'Gabriel Byrne', 'Ann Dowd', 'Pat Barnett Carr', 'Mallory Bechtel', 'Brock McKinney']"
264,1/11/23,All About Lily Chou-Chou,2001,5,16664,Japanese,146,Drama,Japan,Shunji Iwai,"['Hayato Ichihara', 'Shugo Oshinari', 'Yu Aoi', 'Ayumi Ito', 'Takao Osawa', 'Ryo Katsuji', 'Tomohiro Kaku', 'Issey Takahashi']"
265,1/11/23,8 Mile,2002,,65,English,111,Drama,Germany,Curtis Hanson,"['Eminem', 'Kim Basinger', 'Mekhi Phifer', 'Brittany Murphy', 'Evan Jones', 'Omar Benson Miller', ""De'Angelo Wilson"", 'Eugene Byrd']"
266,1/11/23,Triangle of Sadness,2022,3,497828,English,147,Comedy,Denmark,Ruben Östlund,"['Harris Dickinson', 'Charlbi Dean', 'Woody Harrelson', 'Zlatko Burić', 'Vicki Berlin', 'Dolly de Leon', 'Henrik Dorsin', 'Iris Berben']"
267,1/12/23,A History of Violence,2005,,59,English,96,Drama,Canada,David Cronenberg,"['Viggo Mortensen', 'Maria Bello', 'Ed Harris', 'William Hurt', 'Ashton Holmes', 'Peter MacNeill', 'Heidi Hayes', 'Stephen McHattie']"
268,1/12/23,Eastern Promises,2007,,2252,English,101,Thriller,Canada,David Cronenberg,"['Viggo Mortensen', 'Naomi Watts', 'Vincent Cassel', 'Armin Mueller-Stahl', 'Sinéad Cusack', 'Donald Sumpter', 'Jerzy Skolimowski', 'Josef Altin']"
269,1/14/23,Ocean's Eight,2018,3,402900,English,111,Crime,United States of America,Gary Ross,"['Sandra Bullock', 'Cate Blanchett', 'Sarah Paulson', 'Anne Hathaway', 'Awkwafina', 'Helena Bonham Carter', 'Mindy Kaling', 'Rihanna']"
270,1/14/23,The Square,2017,2,401246,English,151,Drama,Denmark,Ruben Östlund,"['Claes Bang', 'Elisabeth Moss', 'Dominic West', 'Terry Notary', 'Christopher Læssø', 'Marina Schiptjenko', 'Lise Stephenson Engström', 'Lilianne Mardon']"
271,1/14/23,Ghostbusters,1984,,620,English,107,Comedy,United States of America,Ivan Reitman,"['Bill Murray', 'Dan Aykroyd', 'Sigourney Weaver', 'Harold Ramis', 'Rick Moranis', 'Annie Potts', 'William Atherton', 'Ernie Hudson']"
272,1/15/23,Zero Dark Thirty,2012,,97630,English,157,Thriller,United States of America,Kathryn Bigelow,"['Jessica Chastain', 'Jason Clarke', 'Kyle Chandler', 'Jennifer Ehle', 'Mark Strong', 'Joel Edgerton', 'Chris Pratt', 'Edgar Ramírez']"
273,1/15/23,The Batman,2022,,414906,English,177,Crime,United States of America,Matt Reeves,"['Robert Pattinson', 'Zoë Kravitz', 'Paul Dano', 'Jeffrey Wright', 'John Turturro', 'Peter Sarsgaard', 'Andy Serkis', 'Colin Farrell']"
274,1/17/23,Blow Out,1981,,11644,English,108,Thriller,United States of America,Brian De Palma,"['John Travolta', 'Nancy Allen', 'John Lithgow', 'Dennis Franz', 'Peter Boyden', 'John Aquino', 'John McMartin', 'Deborah Everton']"
275,1/20/23,Minority Report,2002,3,180,English,145,Action,United States of America,Steven Spielberg,"['Tom Cruise', 'Colin Farrell', 'Samantha Morton', 'Max von Sydow', 'Peter Stormare', 'Tim Blake Nelson', 'Kathryn Morris', 'Neal McDonough']"
276,1/20/23,Predator,1987,4,106,English,107,Science Fiction,Mexico,John McTiernan,"['Arnold Schwarzenegger', 'Carl Weathers', 'Elpidia Carrillo', 'Jesse Ventura', 'Sonny Landham', 'Bill Duke', 'Richard Chaves', 'R. G. Armstrong']"
277,1/21/23,The Whole Nine Yards,2000,2,2069,English,98,Comedy,Canada,Jonathan Lynn,"['Matthew Perry', 'Bruce Willis', 'Natasha Henstridge', 'Amanda Peet', 'Michael Clarke Duncan', 'Rosanna Arquette', 'Kevin Pollak', 'Harland Williams']"
278,1/21/23,Halloween,1978,3,948,English,91,Horror,United States of America,John Carpenter,"['Donald Pleasence', 'Jamie Lee Curtis', 'P.J. Soles', 'Nancy Kyes', 'Charles Cyphers', 'Kyle Richards', 'Brian Andrews', 'John Michael Graham']"
279,1/22/23,Dallas Buyers Club,2013,3,152532,English,117,Drama,United States of America,Jean-Marc Vallée,"['Matthew McConaughey', 'Jared Leto', 'Jennifer Garner', ""Denis O'Hare"", 'Steve Zahn', ""Michael O'Neill"", 'Dallas Roberts', 'Griffin Dunne']"
280,1/24/23,The Irishman,2019,,398978,English,209,Crime,United States of America,Martin Scorsese,"['Robert De Niro', 'Al Pacino', 'Joe Pesci', 'Stephen Graham', 'Ray Romano', 'Harvey Keitel', 'Bobby Cannavale', 'Anna Paquin']"
281,1/26/23,Elvis,2022,2,614934,English,159,Drama,Australia,Baz Luhrmann,"['Austin Butler', 'Tom Hanks', 'Olivia DeJonge', 'Helen Thomson', 'Richard Roxburgh', 'Kelvin Harrison Jr.', 'David Wenham', 'Kodi Smit-McPhee']"
282,1/27/23,Escape from New York,1981,3,1103,English,99,Science Fiction,United States of America,John Carpenter,"['Kurt Russell', 'Lee Van Cleef', 'Ernest Borgnine', 'Donald Pleasence', 'Isaac Hayes', 'Season Hubley', 'Harry Dean Stanton', 'Adrienne Barbeau']"
283,1/27/23,Hannibal,2001,3,9740,English,131,Crime,United Kingdom,Ridley Scott,"['Anthony Hopkins', 'Julianne Moore', 'Gary Oldman', 'Ray Liotta', 'Giancarlo Giannini', 'Zeljko Ivanek', 'Frankie Faison', 'Francesca Neri']"
284,1/28/23,Face/Off,1997,3,754,English,138,Action,United States of America,John Woo,"['John Travolta', 'Nicolas Cage', 'Joan Allen', 'Alessandro Nivola', 'Gina Gershon', 'Dominique Swain', 'Nick Cassavetes', 'Harve Presnell']"
285,1/30/23,"Paris, Texas",1984,,655,English,145,Drama,France,Wim Wenders,"['Harry Dean Stanton', 'Nastassja Kinski', 'Dean Stockwell', 'Hunter Carson', 'Aurore Clément', 'Bernhard Wicki', 'John Lurie', 'Jeni Vici']"
286,2/1/23,Carlito's Way,1993,3,6075,English,144,Crime,United States of America,Brian De Palma,"['Al Pacino', 'Sean Penn', 'Penelope Ann Miller', 'John Leguizamo', 'Ingrid Rogers', 'Luis Guzmán', 'James Rebhorn', 'Joseph Siravo']"
287,2/1/23,Scarface,1983,2,111,English,169,Action,United States of America,Brian De Palma,"['Al Pacino', 'Steven Bauer', 'Michelle Pfeiffer', 'Mary Elizabeth Mastrantonio', 'Robert Loggia', 'Miriam Colon', 'F. Murray Abraham', 'Paul Shenar']"
288,2/1/23,Carrie,1976,3,7340,English,98,Horror,United States of America,Brian De Palma,"['Sissy Spacek', 'Piper Laurie', 'Amy Irving', 'William Katt', 'John Travolta', 'Nancy Allen', 'Betty Buckley', 'P.J. Soles']"
289,2/3/23,964 Pinocchio,1991,,50162,Japanese,97,Horror,Japan,Shozin Fukui,"['Haji Suzuki', 'Onn-chan', 'Koji Otsubo', 'Kyoko Hara', 'Rakumaro Sanyutei', 'Kota Mori', 'Tomio Watanabe', 'Anri Hayashi']"
290,2/3/23,Strange Days,1995,3,281,English,145,Crime,United States of America,Kathryn Bigelow,"['Ralph Fiennes', 'Angela Bassett', 'Juliette Lewis', 'Tom Sizemore', 'Michael Wincott', ""Vincent D'Onofrio"", 'Glenn Plummer', 'Brigitte Bako']"
291,2/4/23,The Texas Chain Saw Massacre,1974,2,30497,English,83,Horror,United States of America,Tobe Hooper,"['Marilyn Burns', 'Allen Danziger', 'Paul A. Partain', 'William Vail', 'Teri McMinn', 'Edwin Neal', 'Jim Siedow', 'Gunnar Hansen']"
292,2/6/23,What's Eating Gilbert Grape,1993,2,1587,English,118,Romance,United States of America,Lasse Hallström,"['Johnny Depp', 'Leonardo DiCaprio', 'Juliette Lewis', 'Mary Steenburgen', 'Darlene Cates', 'Laura Harrington', 'Mary Kate Schellhardt', 'Kevin Tighe']"
293,2/6/23,Hugo,2011,3,44826,English,126,Adventure,France,Martin Scorsese,"['Asa Butterfield', 'Ben Kingsley', 'Chloë Grace Moretz', 'Sacha Baron Cohen', 'Ray Winstone', 'Emily Mortimer', 'Christopher Lee', 'Helen McCrory']"
294,2/7/23,The Number 23,2007,1,3594,English,101,Thriller,Germany,Joel Schumacher,"['Jim Carrey', 'Virginia Madsen', 'Logan Lerman', 'Danny Huston', 'Lynn Collins', 'Rhona Mitra', 'Mark Pellegrino', 'Ed Lauter']"
295,2/7/23,Forgetting Sarah Marshall,2008,,9870,English,111,Comedy,United States of America,Nicholas Stoller,"['Jason Segel', 'Kristen Bell', 'Mila Kunis', 'Russell Brand', 'Bill Hader', 'Jonah Hill', 'Liz Cackowski', 'Jack McBrayer']"
296,2/9/23,Midnight Cowboy,1969,4,3116,English,113,Drama,United States of America,John Schlesinger,"['Jon Voight', 'Dustin Hoffman', 'Sylvia Miles', 'John McGiver', 'Brenda Vaccaro', 'Barnard Hughes', 'Ruth White', 'Jennifer Salt']"
297,2/9/23,The Fault in Our Stars,2014,,222935,English,126,Romance,United States of America,Josh Boone,"['Shailene Woodley', 'Ansel Elgort', 'Nat Wolff', 'Laura Dern', 'Sam Trammell', 'Willem Dafoe', 'Lotte Verbeek', 'Mike Birbiglia']"
298,2/11/23,I ♥ Huckabees,2004,4,1599,English,106,Comedy,Germany,David O. Russell,"['Jason Schwartzman', 'Isabelle Huppert', 'Dustin Hoffman', 'Lily Tomlin', 'Jude Law', 'Mark Wahlberg', 'Naomi Watts', 'Isla Fisher']"
299,2/11/23,Women on the Verge of a Nervous Breakdown,1988,3,4203,Spanish,88,Comedy,Spain,Pedro Almodóvar,"['Carmen Maura', 'Antonio Banderas', 'Julieta Serrano', 'María Barranco', 'Rossy de Palma', 'Kiti Mánver', 'Guillermo Montesinos', 'Chus Lampreave']"
300,2/12/23,25th Hour,2002,5,1429,English,135,Crime,United States of America,Spike Lee,"['Edward Norton', 'Philip Seymour Hoffman', 'Barry Pepper', 'Rosario Dawson', 'Anna Paquin', 'Brian Cox', 'Tony Siragusa', 'Levan Uchaneishvili']"
301,2/13/23,Psycho,1960,,539,English,109,Horror,United States of America,Alfred Hitchcock,"['Anthony Perkins', 'Janet Leigh', 'Vera Miles', 'John Gavin', 'Martin Balsam', 'John McIntire', 'Simon Oakland', 'Frank Albertson']"
302,2/13/23,Ready Player One,2018,,333339,English,140,Adventure,United States of America,Steven Spielberg,"['Tye Sheridan', 'Olivia Cooke', 'Ben Mendelsohn', 'Lena Waithe', 'T.J. Miller', 'Simon Pegg', 'Mark Rylance', 'Philip Zhao']"
303,2/15/23,The Green Ray,1986,4,54898,French,98,Drama,France,Éric Rohmer,"['Marie Rivière', 'Amira Chemakhi', 'Sylvie Richez', 'María Luisa García', 'Béatrice Romand', 'Rosette', 'Vincent Gauthier', 'Basile Gervaise']"
304,2/15/23,Jerry Maguire,1996,3,9390,English,139,Comedy,United States of America,Cameron Crowe,"['Tom Cruise', 'Renée Zellweger', 'Cuba Gooding Jr.', 'Kelly Preston', ""Jerry O'Connell"", 'Jay Mohr', 'Regina King', 'Bonnie Hunt']"
305,2/16/23,Stranger Than Paradise,1984,2,469,English,89,Comedy,Germany,Jim Jarmusch,"['John Lurie', 'Eszter Balint', 'Richard Edson', 'Cecillia Stark', 'Danny Rosen', 'Rammellzee', 'Tom DiCillo', 'Richard Boes']"
306,2/19/23,Ghost Dog: The Way of the Samurai,1999,4,4816,English,116,Crime,France,Jim Jarmusch,"['Forest Whitaker', 'John Tormey', 'Isaach De Bankolé', 'Cliff Gorman', 'Henry Silva', 'Tricia Vessey', 'Victor Argo', 'Camille Winbush']"
307,2/19/23,Chop Shop,2007,3,15555,English,84,Drama,United States of America,Ramin Bahrani,"['Alejandro Polanco', 'Isamar Gonzales', 'Ahmad Razvi', 'Carlos Zapata', 'Rob Sowulski', 'Anthony Felton', ""Evelisse 'Lilah' Ortiz"", ""Michael 'Gringo' Nieto""]"
308,2/19/23,Hiroshima Mon Amour,1959,,5544,French,92,Drama,France,Alain Resnais,"['Emmanuelle Riva', 'Eiji Okada', 'Stella Dassas', 'Pierre Barbaud', 'Bernard Fresson']"
309,2/20/23,A.I. Artificial Intelligence,2001,3,644,English,146,Drama,United States of America,Steven Spielberg,"['Haley Joel Osment', 'Jude Law', ""Frances O'Connor"", 'Sam Robards', 'Jake Thomas', 'William Hurt', 'Robin Williams', 'Ben Kingsley']"
310,2/20/23,The Thin Blue Line,1988,,14285,English,103,Crime,United States of America,Errol Morris,"['Randall Adams', 'David Harris', 'Gus Rose', 'Jackie Johnson']"
311,2/20/23,Mystery Train,1989,4,11305,English,106,Comedy,Japan,Jim Jarmusch,"['Youki Kudoh', 'Masatoshi Nagase', ""Screamin' Jay Hawkins"", 'Cinqué Lee', 'Nicoletta Braschi', 'Elizabeth Bracco', 'Joe Strummer', 'Rick Aviles']"
312,2/21/23,Murder on the Orient Express,2017,2,392044,English,114,Mystery,United Kingdom,Kenneth Branagh,"['Kenneth Branagh', 'Tom Bateman', 'Michelle Pfeiffer', 'Johnny Depp', 'Josh Gad', 'Willem Dafoe', 'Judi Dench', 'Derek Jacobi']"
313,2/27/23,Picnic at Hanging Rock,1975,4,11020,English,115,Drama,Australia,Peter Weir,"['Rachel Roberts', 'Vivean Gray', 'Helen Morse', 'Kirsty Child', 'Tony Llewellyn-Jones', 'Jacki Weaver', 'Anne-Louise Lambert', 'Karen Robson']"
314,2/27/23,Hunt for the Wilderpeople,2016,3,371645,English,101,Adventure,New Zealand,Taika Waititi,"['Sam Neill', 'Julian Dennison', 'Rima Te Wiata', 'Rachel House', 'Rhys Darby', 'Oscar Kightley', 'Tioreore Ngatai-Melbourne', 'Troy Kingi']"
315,2/27/23,Dogtooth,2009,1,38810,Greek,98,Drama,Greece,Yorgos Lanthimos,"['Christos Stergioglou', 'Michele Valley', 'Hristos Passalis', 'Angeliki Papoulia', 'Mary Tsoni', 'Anna Kalaitzidou', 'Steve Krikris', 'Sissi Petropoulou']"
316,3/1/23,Sympathy for Mr. Vengeance,2002,3,4689,Korea,129,Action,South Korea,Park Chan-wook,"['Song Kang-ho', 'Shin Ha-kyun', 'Bae Doona', 'Im Ji-eun', 'Han Bo-bae', 'Lee Dae-yeon', 'Ki Joo-bong', 'Kim Se-dong']"
317,3/8/23,Pale Flower,1964,,61475,Japanese,96,Drama,Japan,Masahiro Shinoda,"['Ryō Ikebe', 'Mariko Kaga', 'Takashi Fujiki', 'Naoki Sugiura', 'Shinichirō Mikami', 'Isao Sasaki', 'Koji Nakahara', 'Chisako Hara']"
318,3/9/23,Paris Is Burning,1990,4,31225,English,71,Documentary,United Kingdom,Jennie Livingston,"['Pepper LaBeija', 'Octavia St. Laurent', 'Venus Xtravaganza', 'Dorian Corey', 'Willi Ninja', 'Paris Dupree', 'Freddie Pendavis', 'Sol Williams Pendavis']"
319,3/13/23,The Blob,1958,3,8851,English,86,Horror,United States of America,Irvin S. Yeaworth Jr.,"['Steve McQueen', 'Aneta Corsaut', 'Earl Rowe', 'John Benson', 'Robert Fields', 'James Bonnet', 'Olin Howland', 'George Karas']"
320,3/13/23,Lady Vengeance,2005,,4550,Korea,115,Drama,South Korea,Park Chan-wook,"['Lee Young-ae', 'Choi Min-sik', 'Kwon Yea-young', 'Kim Shi-hoo', 'Nam Il-woo', 'Kim Byeong-ok', 'Oh Dal-su', 'Lee Seung-shin']"
321,3/14/23,Night on Earth,1991,3,339,English,128,Comedy,France,Jim Jarmusch,"['Winona Ryder', 'Gena Rowlands', 'Giancarlo Esposito', 'Armin Mueller-Stahl', 'Rosie Perez', 'Isaach De Bankolé', 'Béatrice Dalle', 'Roberto Benigni']"
322,3/17/23,The Red Shoes,1948,,19542,English,133,Drama,United Kingdom,Emeric Pressburger,"['Moira Shearer', 'Adolf Wohlbrück', 'Marius Goring', 'Léonide Massine', 'Robert Helpmann', 'Albert Bassermann', 'Esmond Knight', 'Ludmilla Tchérina']"
323,3/18/23,Killer Klowns from Outer Space,1988,3,16296,English,88,Comedy,United States of America,Stephen Chiodo,"['Grant Cramer', 'Suzanne Snyder', 'John Allen Nelson', 'John Vernon', 'Royal Dano', 'Christopher Titus', 'Michael S. Siegel', 'Peter Licassi']"
324,3/19/23,The Match Factory Girl,1990,4,7974,Finnish,69,Drama,Finland,Aki Kaurismäki,"['Kati Outinen', 'Elina Salo', 'Esko Nikkari', 'Vesa Vierikko', 'Reijo Taipale', 'Silu Seppälä', 'Outi Mäenpää', 'Marja Packalén']"
325,3/20/23,Amateur,1994,2,30157,English,105,Crime,France,Hal Hartley,"['Isabelle Huppert', 'Martin Donovan', 'Elina Löwensohn', 'Damian Young', 'Chuck Montgomery', 'Dave Simonds', 'Pamela Stewart', 'Erica Gimpel']"
326,3/21/23,"Crouching Tiger, Hidden Dragon",2000,4,146,Taiwanese,120,Adventure,China,Ang Lee,"['Chow Yun-fat', 'Michelle Yeoh', 'Zhang Ziyi', 'Chang Chen', 'Sihung Lung', 'Cheng Pei-pei', 'Li Fazeng', ""Gao Xi'an""]"
327,3/24/23,Mean Streets,1973,3,203,English,111,Drama,United States of America,Martin Scorsese,"['Robert De Niro', 'Harvey Keitel', 'David Proval', 'Amy Robinson', 'Richard Romanus', 'Cesare Danova', 'Victor Argo', 'George Memmoli']"
328,3/24/23,Resident Evil,2002,2,1576,English,100,Horror,Canada,Paul W. S. Anderson,"['Milla Jovovich', 'Michelle Rodriguez', 'Eric Mabius', 'James Purefoy', 'Martin Crewes', 'Colin Salmon', 'Pasquale Aleardi', 'Heike Makatsch']"
329,3/24/23,Creed,2015,3,312221,English,133,Action,United States of America,Ryan Coogler,"['Michael B. Jordan', 'Sylvester Stallone', 'Tessa Thompson', 'Phylicia Rashād', 'Andre Ward', 'Tony Bellew', 'Ritchie Coster', ""Jacob 'Stitch' Duran""]"
330,3/25/23,Don't Look Up,2021,3,646380,English,138,Science Fiction,United States of America,Adam McKay,"['Jennifer Lawrence', 'Leonardo DiCaprio', 'Meryl Streep', 'Rob Morgan', 'Jonah Hill', 'Cate Blanchett', 'Mark Rylance', 'Tyler Perry']"
331,3/26/23,Touch of Evil,1958,4,1480,English,111,Crime,United States of America,Orson Welles,"['Charlton Heston', 'Janet Leigh', 'Orson Welles', 'Joseph Calleia', 'Akim Tamiroff', 'Joanna Moore', 'Ray Collins', 'Dennis Weaver']"
332,3/27/23,Nosferatu the Vampyre,1979,4,6404,German,107,Drama,Germany,Werner Herzog,"['Klaus Kinski', 'Isabelle Adjani', 'Bruno Ganz', 'Roland Topor', 'Walter Ladengast', 'Martje Grohmann', 'Carsten Bodinus', 'Beverly Walker']"
333,3/28/23,Symbiopsychotaxiplasm: Take One,1968,1,44783,English,75,Documentary,United States of America,William Greaves,"['Patricia Ree Gilbert ', 'Don Fellows', 'Jonathan Gordon', 'William Greaves', 'Susan Anspach', 'Audrey Heningham', 'Stevan Larner', 'Terence Macartney-Filgate']"
334,3/30/23,Secrets & Lies,1996,4,11159,English,142,Drama,France,Mike Leigh,"['Brenda Blethyn', 'Marianne Jean-Baptiste', 'Timothy Spall', 'Phyllis Logan', 'Claire Rushbrook', 'Lee Ross', 'Lesley Manville', 'Elizabeth Berrington']"
335,4/1/23,The Bedroom Window,1987,1,39074,English,114,Drama,United States of America,Curtis Hanson,"['Steve Guttenberg', 'Elizabeth McGovern', 'Isabelle Huppert', 'Paul Shenar', 'Carl Lumbly', 'Wallace Shawn', 'Frederick Coffin', 'Brad Greenquist']"
336,4/2/23,Coffee and Cigarettes,2003,4,883,English,96,Comedy,United States of America,Jim Jarmusch,"['Roberto Benigni', 'Steven Wright', 'Joie Lee', 'Cinqué Lee', 'Steve Buscemi', 'Iggy Pop', 'Tom Waits', 'Joseph Rigano']"
337,4/2/23,La Cérémonie,1995,4,1802,French,111,Drama,Germany,Claude Chabrol,"['Isabelle Huppert', 'Sandrine Bonnaire', 'Jean-Pierre Cassel', 'Jacqueline Bisset', 'Virginie Ledoyen', 'Valentin Merlet', 'Julien Rochefort', 'Dominique Frot']"
338,4/4/23,The Spirit of the Beehive,1973,1,4495,Spanish,99,Drama,Spain,Víctor Erice,"['Fernando Fernán Gómez', 'Teresa Gimpera', 'Ana Torrent', 'Isabel Tellería', 'Laly Soldevila', 'Miguel Picazo', 'José Villasante', 'Juan Margallo']"
339,4/4/23,Inland Empire,2006,5,1730,English,180,Mystery,France,David Lynch,"['Laura Dern', 'Jeremy Irons', 'Justin Theroux', 'Harry Dean Stanton', 'Karolina Gruszka', 'Peter J. Lucas', 'Krzysztof Majchrzak', 'Jan Hencz']"
340,4/5/23,The Pledge,2001,3,5955,English,123,Crime,Switzerland,Sean Penn,"['Jack Nicholson', 'Helen Mirren', 'Aaron Eckhart', 'Robin Wright', 'Sam Shepard', 'Benicio del Toro', 'Patricia Clarkson', 'Mickey Rourke']"
341,4/6/23,John Wick,2014,4,245891,English,101,Action,United States of America,Chad Stahelski,"['Keanu Reeves', 'Michael Nyqvist', 'Ian McShane', 'John Leguizamo', 'Willem Dafoe', 'Alfie Allen', 'Dean Winters', 'Adrianne Palicki']"
342,4/6/23,John Wick: Chapter 2,2017,3,324552,English,122,Action,United States of America,Chad Stahelski,"['Keanu Reeves', 'Common', 'Ian McShane', 'Laurence Fishburne', 'Riccardo Scamarcio', 'Ruby Rose', 'Lance Reddick', 'Peter Stormare']"
343,4/14/23,John Wick: Chapter 3 – Parabellum,2019,3,458156,English,131,Action,United States of America,Chad Stahelski,"['Keanu Reeves', 'Halle Berry', 'Ian McShane', 'Laurence Fishburne', 'Mark Dacascos', 'Asia Kate Dillon', 'Lance Reddick', 'Anjelica Huston']"
344,4/15/23,eXistenZ,1999,2,1946,English,97,Action,Canada,David Cronenberg,"['Jennifer Jason Leigh', 'Jude Law', 'Ian Holm', 'Willem Dafoe', 'Don McKellar', 'Callum Keith Rennie', 'Christopher Eccleston', 'Sarah Polley']"
345,4/16/23,The Apartment,1960,3,284,English,125,Comedy,United States of America,Billy Wilder,"['Jack Lemmon', 'Shirley MacLaine', 'Fred MacMurray', 'Ray Walston', 'Jack Kruschen', 'David Lewis', 'Hope Holiday', 'Joan Shawlee']"
346,4/18/23,Body Double,1984,3,11507,English,114,Crime,United States of America,Brian De Palma,"['Craig Wasson', 'Melanie Griffith', 'Gregg Henry', 'Deborah Shelton', 'Guy Boyd', 'Dennis Franz', 'David Haskell', 'Rebecca Stanley']"
347,4/20/23,Ichi the Killer,2001,2,9696,Japanese,129,Action,Japan,Takashi Miike,"['Tadanobu Asano', 'Nao Omori', 'Shinya Tsukamoto', 'SABU', 'Paulyn Sun', 'Susumu Terajima', 'Shun Sugata', 'Toru Tezuka']"
348,4/23/23,First Reformed,2017,5,458737,English,113,Drama,Australia,Paul Schrader,"['Ethan Hawke', 'Amanda Seyfried', 'Cedric the Entertainer', 'Victoria Hill', 'Philip Ettinger', 'Michael Gaston', 'Bill Hoag', 'Kristin Villanueva']"
349,4/23/23,Mishima: A Life in Four Chapters,1985,,27064,Japanese,121,Drama,Japan,Paul Schrader,"['Ken Ogata', 'Go Riju', 'Masayuki Shionoya', 'Hiroshi Mikami', 'Junkichi Orimoto', 'Masato Aizawa', 'Junya Fukuda', 'Shigeto Tachihara']"
350,4/23/23,Contact,1997,3,686,English,150,Drama,United States of America,Robert Zemeckis,"['Jodie Foster', 'Matthew McConaughey', 'James Woods', 'John Hurt', 'Tom Skerritt', 'William Fichtner', 'David Morse', 'Angela Bassett']"
351,4/23/23,The Evil Dead,1981,2,764,English,85,Horror,United States of America,Sam Raimi,"['Bruce Campbell', 'Ellen Sandweiss', 'Richard DeManincor', 'Betsy Baker', 'Theresa Tilly', 'Philip A. Gillis', 'Cheryl Guttridge', 'Ted Raimi']"
352,4/25/23,The Hunt,2012,4,152578,French,0,Action,,Thomas Szczepanski,"['Clara Vallet', 'Jellali Mouina', 'Sarah Lucide', 'Mari-Christine Jeanney', 'Frédéric Sassine', 'Zuriel de Peslouan', 'Michel Coste']"
353,4/26/23,Evil Dead II,1987,2,765,English,84,Horror,United States of America,Sam Raimi,"['Bruce Campbell', 'Sarah Berry', 'Dan Hicks', 'Kassie DePaiva', 'Richard Domeier', 'Ted Raimi', 'Denise Bixler', 'John Peakes']"
354,4/28/23,Only God Forgives,2013,3,77987,English,90,Drama,Denmark,Nicolas Winding Refn,"['Ryan Gosling', 'Kristin Scott Thomas', 'Vithaya Pansringarm', 'Rhatha Phongam', 'Gordon Brown', 'Tom Burke', 'Byron Gibson', 'Sahajak Boonthanakit']"
355,4/29/23,Dog Day Afternoon,1975,3,968,English,125,Crime,United States of America,Sidney Lumet,"['Al Pacino', 'John Cazale', 'Charles Durning', 'Chris Sarandon', 'James Broderick', 'William Bogert', 'Penelope Allen', 'Sully Boyar']"
356,5/2/23,The Assassin,2015,2,253450,Taiwanese,105,Action,China,Hou Hsiao-hsien,"['Shu Qi', 'Chang Chen', 'Nikki Hsieh', 'Sheu Fang-Yi', 'Ethan Juan', 'Xu Fan', 'Zuo Xiaoqing', 'Satoshi Tsumabuki']"
357,5/2/23,Interstellar,2014,3,157336,English,169,Adventure,United Kingdom,Christopher Nolan,"['Matthew McConaughey', 'Anne Hathaway', 'Jessica Chastain', 'Bill Irwin', 'Ellen Burstyn', 'Michael Caine', 'Mackenzie Foy', 'Casey Affleck']"
358,5/4/23,Blue Collar,1978,4,14839,English,114,Drama,United States of America,Paul Schrader,"['Richard Pryor', 'Harvey Keitel', 'Yaphet Kotto', 'Ed Begley Jr.', 'Harry Bellaver', 'George Memmoli', 'Lucy Saroyan', 'Lane Smith']"
359,5/8/23,Dungeons & Dragons: Honor Among Thieves,2023,3,493529,English,134,Adventure,Canada,John Francis Daley,"['Chris Pine', 'Michelle Rodriguez', 'Justice Smith', 'Sophia Lillis', 'Hugh Grant', 'Regé-Jean Page', 'Chloe Coleman', 'Daisy Head']"
360,5/10/23,A Pigeon Sat on a Branch Reflecting on Existence,2014,2,110390,Swedish,100,Drama,Sweden,Roy Andersson,"['Holger Andersson', 'Nisse Vestblom', 'Viktor Gyllenberg', 'Lotti Törnros', 'Jonas Gerholm', 'Ola Stensson', 'Oscar Salomonsson', 'Roger Olsen Likvern']"
361,5/24/23,Mission: Impossible,1996,3,954,English,110,Adventure,United States of America,Brian De Palma,"['Tom Cruise', 'Jon Voight', 'Emmanuelle Béart', 'Henry Czerny', 'Jean Reno', 'Ving Rhames', 'Kristin Scott Thomas', 'Vanessa Redgrave']"
362,5/25/23,Tampopo,1985,4,11830,Japanese,115,Comedy,Japan,Jūzō Itami,"['Tsutomu Yamazaki', 'Nobuko Miyamoto', 'Ken Watanabe', 'Koji Yakusho', 'Rikiya Yasuoka', 'Kinzō Sakura', 'Hyōe Enoki', 'Gō Awazu']"
363,5/25/23,John Wick: Chapter 4,2023,3,603692,English,170,Action,Germany,Chad Stahelski,"['Keanu Reeves', 'Donnie Yen', 'Bill Skarsgård', 'Ian McShane', 'Laurence Fishburne', 'Lance Reddick', 'Clancy Brown', 'Hiroyuki Sanada']"
364,5/25/23,A Separation,2011,4,60243,Persian,123,Drama,Australia,Asghar Farhadi,"['Leila Hatami', 'Payman Maadi', 'Shahab Hosseini', 'Sare Bayat', 'Sarina Farhadi', 'Babak Karimi', 'Ali-Asghar Shahbazi', 'Shirin Yazdanbakhsh']"
365,5/27/23,The Thing,1982,2,1091,English,109,Horror,Canada,John Carpenter,"['Kurt Russell', 'Keith David', 'Wilford Brimley', 'T.K. Carter', 'David Clennon', 'Richard Dysart', 'Charles Hallahan', 'Peter Maloney']"
366,6/2/23,Dr. Caligari,1989,2,35642,English,80,Fantasy,United States of America,Stephen Sayadian,"['Madeleine Reynal', 'Fox Harris', 'Laura Albert', 'Jennifer Balgobin', 'John Durbin', 'Gene Zerna', 'David Parry', 'Jennifer Miro']"
367,6/3/23,Scream,1996,4,4232,English,112,Crime,United States of America,Wes Craven,"['David Arquette', 'Neve Campbell', 'Courteney Cox', 'Matthew Lillard', 'Rose McGowan', 'Skeet Ulrich', 'Jamie Kennedy', 'W. Earl Brown']"
368,6/3/23,Hellraiser,2022,1,338947,English,121,Horror,United States of America,David Bruckner,"[""Odessa A'zion"", 'Jamie Clayton', 'Adam Faison', 'Drew Starkey', 'Brandon Flynn', 'Aoife Hinds', 'Goran Visnjic', 'Hiam Abbass']"
369,6/3/23,Hellraiser,2022,2,338947,English,121,Horror,United States of America,David Bruckner,"[""Odessa A'zion"", 'Jamie Clayton', 'Adam Faison', 'Drew Starkey', 'Brandon Flynn', 'Aoife Hinds', 'Goran Visnjic', 'Hiam Abbass']"
370,6/5/23,Alien,1979,4,348,English,117,Horror,United States of America,Ridley Scott,"['Sigourney Weaver', 'Tom Skerritt', 'Ian Holm', 'Yaphet Kotto', 'John Hurt', 'Veronica Cartwright', 'Harry Dean Stanton', 'Bolaji Badejo']"
371,6/5/23,Speed Racer,2008,4,7459,English,135,Family,Germany,Lilly Wachowski,"['Emile Hirsch', 'Christina Ricci', 'John Goodman', 'Susan Sarandon', 'Matthew Fox', 'Benno Fürmann', 'Hiroyuki Sanada', 'Rain']"
372,6/5/23,Trainspotting,1996,,627,English,94,Drama,United Kingdom,Danny Boyle,"['Ewan McGregor', 'Ewen Bremner', 'Jonny Lee Miller', 'Kevin McKidd', 'Robert Carlyle', 'Kelly Macdonald', 'Peter Mullan', 'James Cosmo']"
373,6/6/23,Serpico,1973,3,9040,English,130,Crime,Italy,Sidney Lumet,"['Al Pacino', 'John Randolph', 'Jack Kehoe', 'Biff McGuire', 'Barbara Eda-Young', 'Cornelia Sharpe', 'Tony Roberts', 'John Medici']"
374,6/7/23,The Visitor,1979,2,54013,English,109,Horror,Italy,Giulio Paradisi,"['Mel Ferrer', 'Glenn Ford', 'Lance Henriksen', 'John Huston', 'Joanne Nail', 'Sam Peckinpah', 'Shelley Winters', 'Paige Conner']"
375,6/7/23,Crash,2004,1,1640,English,112,Drama,Germany,Paul Haggis,"['Sandra Bullock', 'Don Cheadle', 'Matt Dillon', 'Michael Peña', 'Jennifer Esposito', 'Brendan Fraser', 'Nona Gaye', 'Terrence Howard']"
376,6/8/23,Prometheus,2012,3,70981,English,124,Science Fiction,United Kingdom,Ridley Scott,"['Noomi Rapace', 'Michael Fassbender', 'Charlize Theron', 'Idris Elba', 'Guy Pearce', 'Logan Marshall-Green', 'Sean Harris', 'Rafe Spall']"
377,6/9/23,Jackals & Fireflies,2023,,-1,English,20,Drama,United States of America,C,['Eva H.D']
378,6/9/23,Andrea,2005,,316710,Spanish,110,Thriller,Dominican Republic,Rogert Bencosme,"['Hensy Pichardo', 'Any Ferreiras', 'Elvira Grullón', 'Anthony Ferreiras']"
379,6/11/23,Aliens,1986,2,679,English,137,Action,United States of America,James Cameron,"['Sigourney Weaver', 'Michael Biehn', 'Lance Henriksen', 'Bill Paxton', 'Jenette Goldstein', 'Carrie Henn', 'Paul Reiser', 'Mark Rolston']"
380,6/12/23,May,2002,3,10894,English,93,Comedy,United States of America,Lucky McKee,"['Angela Bettis', 'Jeremy Sisto', 'Anna Faris', 'James Duval', 'Nichole Hiltz', 'Kevin Gage', 'Merle Kennedy', 'Chandler Riley Hecht']"
381,6/13/23,Cape Fear,1991,3,1598,English,128,Thriller,United States of America,Martin Scorsese,"['Robert De Niro', 'Nick Nolte', 'Jessica Lange', 'Juliette Lewis', 'Joe Don Baker', 'Robert Mitchum', 'Gregory Peck', 'Martin Balsam']"
382,6/17/23,The Usual Suspects,1995,2,629,English,106,Drama,United States of America,Bryan Singer,"['Gabriel Byrne', 'Kevin Spacey', 'Stephen Baldwin', 'Kevin Pollak', 'Benicio del Toro', 'Chazz Palminteri', 'Pete Postlethwaite', 'Giancarlo Esposito']"
383,6/20/23,TÁR,2022,3,817758,English,158,Drama,United States of America,Todd Field,"['Cate Blanchett', 'Nina Hoss', 'Noémie Merlant', 'Sophie Kauer', 'Julian Glover', 'Mark Strong', 'Sylvia Flote', 'Mila Bogojevic']"
384,6/24/23,Asteroid City,2023,2,747188,English,105,Comedy,United States of America,Wes Anderson,"['Jason Schwartzman', 'Scarlett Johansson', 'Tom Hanks', 'Jeffrey Wright', 'Tilda Swinton', 'Bryan Cranston', 'Edward Norton', 'Adrien Brody']"
385,6/25/23,Aftersun,2022,5,965150,English,102,Drama,Turkey,Charlotte Wells,"['Paul Mescal', 'Frankie Corio', 'Celia Rowlson-Hall', 'Sally Messham', 'Ayşe Parlak', 'Sophia Lamanova', 'Brooklyn Toulson', 'Spike Fearn']"
386,6/25/23,Triangle,2009,3,26466,English,99,Horror,Australia,Christopher Smith,"['Melissa George', 'Liam Hemsworth', 'Emma Lung', 'Rachael Carpani', 'Michael Dorman', 'Joshua McIvor', 'Henry Nixon', 'Jack Taylor']"
387,6/30/23,Sound of Metal,2019,3,502033,English,121,Drama,United States of America,Darius Marder,"['Riz Ahmed', 'Olivia Cooke', 'Paul Raci', 'Lauren Ridloff', 'Mathieu Amalric', 'Domenico Toledo', 'Chelsea Lee', 'Shaheem Sanchez']"
388,7/1/23,Fast Times at Ridgemont High,1982,3,13342,English,90,Comedy,United States of America,Amy Heckerling,"['Sean Penn', 'Jennifer Jason Leigh', 'Judge Reinhold', 'Phoebe Cates', 'Brian Backer', 'Robert Romanus', 'Ray Walston', 'Scott Thomson']"
389,7/2/23,Shivers,1975,2,27429,English,88,Horror,Canada,David Cronenberg,"['Paul Hampton', 'Joe Silver', 'Lynn Lowry', 'Allan Kolman', 'Susan Petrie', 'Barbara Steele', 'Ronald Mlodzik', 'Barry Baldaro']"
390,7/4/23,Crimes of the Future,2022,1,819876,English,107,Horror,Canada,David Cronenberg,"['Viggo Mortensen', 'Léa Seydoux', 'Scott Speedman', 'Kristen Stewart', 'Welket Bungué', 'Don McKellar', 'Tanaya Beatty', 'Nadia Litz']"
391,7/5/23,Last Night,1998,4,16129,English,95,Comedy,Canada,Don McKellar,"['Don McKellar', 'Sandra Oh', 'Roberta Maxwell', 'Robin Gammell', 'Sarah Polley', 'Trent McMullen', 'Charmion King', 'Jessica Booker']"
392,7/12/23,Casino,1995,4,524,English,179,Crime,France,Martin Scorsese,"['Robert De Niro', 'Sharon Stone', 'Joe Pesci', 'James Woods', 'Don Rickles', 'Alan King', 'Kevin Pollak', 'L.Q. Jones']"
393,7/13/23,Forrest Gump,1994,2,13,English,142,Comedy,United States of America,Robert Zemeckis,"['Tom Hanks', 'Robin Wright', 'Gary Sinise', 'Sally Field', 'Mykelti Williamson', 'Michael Conner Humphreys', 'Hanna Hall', 'Haley Joel Osment']"
394,7/20/23,The Long Goodbye,1973,3,1847,English,112,Mystery,United States of America,Robert Altman,"['Elliott Gould', 'Nina van Pallandt', 'Sterling Hayden', 'Mark Rydell', 'Henry Gibson', 'David Arkin', 'Jim Bouton', 'Warren Berlinger']"
395,7/20/23,El Mariachi,1992,3,9367,Spanish,81,Action,Mexico,Robert Rodriguez,"['Carlos Gallardo', 'Consuelo Gómez', 'Jaime de Hoyos', 'Peter Marquardt', 'Reinol Martinez', 'Ramiro Gómez', 'Jesús López', 'Luis Baró']"
396,7/23/23,The Untouchables,1987,2,117,English,119,Crime,United States of America,Brian De Palma,"['Kevin Costner', 'Sean Connery', 'Charles Martin Smith', 'Andy García', 'Robert De Niro', 'Richard Bradford', 'Jack Kehoe', 'Brad Sullivan']"
397,7/23/23,Sorcerer,1977,2,38985,English,121,Thriller,United States of America,William Friedkin,"['Roy Scheider', 'Bruno Cremer', 'Francisco Rabal', 'Amidou', 'Ramon Bieri', 'Peter Capell', 'Karl John', 'Friedrich von Ledebur']"
398,7/27/23,Natural Born Killers,1994,4,241,English,118,Crime,United States of America,Oliver Stone,"['Woody Harrelson', 'Juliette Lewis', 'Robert Downey Jr.', 'Tommy Lee Jones', 'Tom Sizemore', 'Rodney Dangerfield', 'Edie McClurg', 'Jared Harris']"
399,7/28/23,Oppenheimer,2023,2,872585,English,181,Drama,United Kingdom,Christopher Nolan,"['Cillian Murphy', 'Emily Blunt', 'Matt Damon', 'Robert Downey Jr.', 'Florence Pugh', 'Josh Hartnett', 'Casey Affleck', 'Rami Malek']"
400,7/28/23,BlacKkKlansman,2018,4,487558,English,136,Comedy,United States of America,Spike Lee,"['John David Washington', 'Adam Driver', 'Topher Grace', 'Laura Harrier', 'Alec Baldwin', 'Jasper Pääkkönen', 'Corey Hawkins', 'Paul Walter Hauser']"
401,7/29/23,Inside Man,2006,3,388,English,129,Crime,United States of America,Spike Lee,"['Denzel Washington', 'Clive Owen', 'Jodie Foster', 'Christopher Plummer', 'Willem Dafoe', 'Chiwetel Ejiofor', 'Carlos Andrés Gómez', 'Kim Director']"
402,8/1/23,Mad Max: Fury Road,2015,4,76341,English,121,Action,Australia,George Miller,"['Tom Hardy', 'Charlize Theron', 'Nicholas Hoult', 'Hugh Keays-Byrne', 'Riley Keough', 'Zoë Kravitz', 'Rosie Huntington-Whiteley', 'Abbey Lee']"
403,8/2/23,Kick-Ass,2010,2,23483,English,117,Action,United Kingdom,Matthew Vaughn,"['Aaron Taylor-Johnson', 'Chloë Grace Moretz', 'Nicolas Cage', 'Lyndsy Fonseca', 'Mark Strong', 'Deborah Twiss', 'Christopher Mintz-Plasse', 'Elizabeth McGovern']"
404,8/3/23,They Cloned Tyrone,2023,4,736769,English,122,Comedy,United States of America,Juel Taylor,"['John Boyega', 'Teyonah Parris', 'Jamie Foxx', 'Kiefer Sutherland', 'David Alan Grier', 'J. Alphonse Nicholson', 'Tamberla Perry', 'Eric Robinson Jr.']"
405,8/7/23,Buffalo '66,1998,3,9464,English,110,Drama,United States of America,Vincent Gallo,"['Vincent Gallo', 'Christina Ricci', 'Ben Gazzara', 'Anjelica Huston', 'Rosanna Arquette', 'Jan-Michael Vincent', 'Kevin Corrigan', 'Mickey Rourke']"
406,8/8/23,Hollow Man,2000,2,9383,English,112,Action,Germany,Paul Verhoeven,"['Kevin Bacon', 'Elisabeth Shue', 'Josh Brolin', 'Kim Dickens', 'Greg Grunberg', 'Joey Slotnick', 'Mary Randle', 'William Devane']"
407,8/10/23,Babylon,2022,4,615777,English,189,Drama,United States of America,Damien Chazelle,"['Brad Pitt', 'Margot Robbie', 'Diego Calva', 'Jean Smart', 'Flea', 'Jovan Adepo', 'J.C. Currais', 'Jimmy Ortega']"
408,8/10/23,Everybody Wants Some!!,2016,5,295699,English,116,Comedy,United States of America,Richard Linklater,"['Blake Jenner', 'Zoey Deutch', 'Ryan Guzman', 'Tyler Hoechlin', 'J. Quinton Johnson', 'Glen Powell', 'Wyatt Russell', 'Will Brittain']"
409,8/11/23,Sorry to Bother You,2018,3,424781,English,112,Fantasy,United States of America,Boots Riley,"['LaKeith Stanfield', 'Tessa Thompson', 'Jermaine Fowler', 'Omari Hardwick', 'Terry Crews', 'Patton Oswalt', 'David Cross', 'Danny Glover']"
410,8/11/23,Babel,2006,,1164,English,143,Drama,France,Alejandro González Iñárritu,"['Brad Pitt', 'Cate Blanchett', 'Gael García Bernal', 'Adriana Barraza', 'Rinko Kikuchi', 'Koji Yakusho', 'Satoshi Nikaido', 'Harriet Walter']"
411,8/16/23,No Hard Feelings,2023,2,884605,English,104,Comedy,United States of America,Gene Stupnitsky,"['Jennifer Lawrence', 'Andrew Barth Feldman', 'Laura Benanti', 'Matthew Broderick', 'Natalie Morales', 'Scott MacArthur', 'Ebon Moss-Bachrach', 'Kyle Mooney']"
412,8/24/23,Knight and Day,2010,3,37834,English,109,Action,United States of America,James Mangold,"['Tom Cruise', 'Cameron Diaz', 'Peter Sarsgaard', 'Viola Davis', 'Jordi Mollà', 'Paul Dano', 'Maggie Grace', 'Marc Blucas']"
413,8/24/23,Fatal Attraction,1987,2,10998,English,119,Drama,United States of America,Adrian Lyne,"['Michael Douglas', 'Glenn Close', 'Anne Archer', 'Ellen Hamilton Latzen', 'Stuart Pankin', 'Ellen Foley', 'Fred Gwynne', 'Tom Brennan']"
414,8/25/23,Point Break,1991,4,1089,English,122,Action,Japan,Kathryn Bigelow,"['Patrick Swayze', 'Keanu Reeves', 'Gary Busey', 'Lori Petty', 'John C. McGinley', 'James Le Gros', 'John Philbin', 'BoJesse Christopher']"
415,8/26/23,8MM,1999,3,8224,English,123,Thriller,Germany,Joel Schumacher,"['Nicolas Cage', 'Joaquin Phoenix', 'James Gandolfini', 'Peter Stormare', 'Anthony Heald', 'Chris Bauer', 'Catherine Keener', 'Myra Carter']"